google_place_id,name,category,location_zone,rating_norm,review_count_norm,weighted_score,category_enc,zone_enc,cat_accommodation,cat_attraction,cat_beach,cat_entertainment,cat_food_drink,cat_history,cat_museum,cat_nature,cat_religious,cat_shopping,zone_cebu_city,zone_eastern_cebu,zone_north_cebu,zone_north_metro,zone_south_cebu,zone_south_metro
ChIJiYix3uCbqTMRAqkwfbD7es0,Fort San Pedro,attraction,cebu_city,0.8,0.9410782382806875,0.8001848772594393,1,0,False,True,False,False,False,False,False,False,False,False,True,False,False,False,False,False
ChIJPwVVvlqfqTMR8k8YW0-7Luo,Temple of Leah,attraction,cebu_city,0.8,0.9718922168255049,0.8001411961928331,1,0,False,True,False,False,False,False,False,False,False,False,True,False,False,False,False,False
ChIJAeJQylufqTMRoYHzWBE4lzM,TOPS Cebu,nature,cebu_city,0.875,0.8977691500114221,0.8745781877082153,7,0,False,False,False,False,False,False,False,True,False,False,True,False,False,False,False,False
ChIJdZVg9F6ZqTMRbU7ErBLR6vU,Casa Gorordo Museum,museum,cebu_city,0.8999999999999999,0.728645319872463,0.8971994724892661,6,0,False,False,False,False,False,False,True,False,False,False,True,False,False,False,False,False
ChIJQVwA2-ObqTMR--ZXFjrCXiQ,Magellan's Cross,history,cebu_city,0.8500000000000001,0.989185684380206,0.8499139721073367,5,0,False,False,False,False,False,True,False,False,False,False,True,False,False,False,False,False
ChIJmRDV5l6ZqTMR_TGUzibVfww,Yap-San Diego Ancestral House,history,cebu_city,0.8500000000000001,0.7827031987335773,0.8494819848920795,5,0,False,False,False,False,False,True,False,False,False,False,True,False,False,False,False,False
ChIJH7-Frg-hqTMRcR-eubefklo,Sirao Garden,attraction,north_metro,0.8500000000000001,0.8501663048262773,0.8497106399983101,1,3,False,True,False,False,False,False,False,False,False,False,False,False,False,True,False,False
ChIJz_XF1U-ZqTMRLuh28VvaWq0,Sky Experience Adventure,attraction,cebu_city,0.8,0.6953727320840072,0.8015318678051762,1,0,False,True,False,False,False,False,False,False,False,False,True,False,False,False,False,False
ChIJkRLIDF2ZqTMRYsvjh5V6j3M,Museo Sugbo,museum,cebu_city,0.825,0.7005250387546226,0.8252135744773753,6,0,False,False,False,False,False,False,True,False,False,False,True,False,False,False,False,False
ChIJdWAY9omZqTMR5PT1YBVRFhM,Beverly Hills Lahug Cebu City,attraction,cebu_city,0.875,0.4503417356792985,0.8601489204801508,1,0,False,True,False,False,False,False,False,False,False,False,True,False,False,False,False,False
ChIJU4E_P7yeqTMRmYjKAQ_D5kY,Celestial Garden,religious,cebu_city,0.7,0.31524143251249886,0.7797893056042371,8,0,False,False,False,False,False,False,False,False,True,False,True,False,False,False,False,False
ChIJXZDS_wqcqTMRtjB3-gvX4X4,The Cube - SM Seaside City,history,cebu_city,0.825,0.5983642581794981,0.825489502882628,5,0,False,False,False,False,False,True,False,False,False,False,True,False,False,False,False,False
ChIJ8ZcMGyuZqTMRh0kBRAhSv_o,Cebu Taoist Temple,religious,cebu_city,0.825,0.7906834012023214,0.825099316116578,8,0,False,False,False,False,False,False,False,False,True,False,True,False,False,False,False,False
ChIJtUqLDKibqTMRvX48jFWyLX8,Downtown Cebu City,attraction,cebu_city,0.65,0.19382868665643888,0.7993822292323869,1,0,False,True,False,False,False,False,False,False,False,False,True,False,False,False,False,False
ChIJSWEB-vehqTMRqKcQS5qhODE,Budlaan Falls,attraction,cebu_city,0.825,0.5328802741306125,0.8258005028343729,1,0,False,True,False,False,False,False,False,False,False,False,True,False,False,False,False,False
ChIJadEVV0yZqTMRekT3PI-8Jwc,Cebu Kilometer Zero,attraction,cebu_city,0.95,0.1829919847058274,0.8476768432871731,1,0,False,True,False,False,False,False,False,False,False,False,True,False,False,False,False,False
ChIJQYJWH1-ZqTMRL8vTiCw8NSk,1730 Jesuit House,museum,cebu_city,0.8999999999999999,0.5207260682974214,0.885503826860423,6,0,False,False,False,False,False,False,True,False,False,False,True,False,False,False,False,False
ChIJ4dWUPl-ZqTMRRAXUfxKt42s,Colon Obelisk arcae,history,cebu_city,0.65,0.38859317540904725,0.7314812159449383,5,0,False,False,False,False,False,True,False,False,False,False,True,False,False,False,False,False
ChIJhwbYF6KhqTMRnblKTxe9bqo,Heritage of Cebu Monument,history,cebu_city,0.825,0.7089596307978996,0.8251990035083582,5,0,False,False,False,False,False,True,False,False,False,False,True,False,False,False,False,False
ChIJ1x1EHOGbqTMR5_q34HlTerk,Plaza Independencia,nature,cebu_city,0.8500000000000001,0.7638097776318199,0.8493910356746585,7,0,False,False,False,False,False,False,False,True,False,False,True,False,False,False,False,False
ChIJocIZfv6bqTMRMHD_dmj-wqg,Taboan Public Market,shopping,cebu_city,0.825,0.9100718750285097,0.8250352772952191,9,0,False,False,False,False,False,False,False,False,False,True,True,False,False,False,False,False
ChIJAaoG--ObqTMRRGDPktel7bk,Sugbu Chinese Heritage Museum,history,cebu_city,0.75,0.4026046419449713,0.783584184355451,5,0,False,False,False,False,False,True,False,False,False,False,True,False,False,False,False,False
ChIJpbDccACbqTMRJYVjO8bttgI,Cebu City Seawall,attraction,cebu_city,0.675,0.24332405222621672,0.7918626326355033,1,0,False,True,False,False,False,False,False,False,False,False,True,False,False,False,False,False
ChIJ__-v5-GbqTMRZsiTt-BnJLw,Rajah Humabon Monument & Humabon Historical Marker,history,cebu_city,0.675,0.3347806886368033,0.7636544109648645,5,0,False,False,False,False,False,True,False,False,False,False,True,False,False,False,False,False
ChIJT7kt7uGbqTMRE9pS3Ayv3ao,Archdiocesan Museum of Cebu,museum,cebu_city,0.825,0.5907510191454818,0.8255193506193736,6,0,False,False,False,False,False,False,True,False,False,False,True,False,False,False,False,False
ChIJlWUN8-GbqTMRepueypood48,Cebu Metropolitan Cathedral,religious,cebu_city,0.925,0.7958813831437923,0.9228648232622406,8,0,False,False,False,False,False,False,False,False,True,False,True,False,False,False,False,False
ChIJ44n4BUqZqTMRnTzd5jeE0gQ,Cebu Provincial Capitol,attraction,cebu_city,0.8500000000000001,0.46264554589307655,0.8437526129755617,1,0,False,True,False,False,False,False,False,False,False,False,True,False,False,False,False,False
ChIJ0_q_fuGbqTMR7Jtr5sWh-hU,Museo Basílica Del Santo Niño,museum,cebu_city,0.8500000000000001,0.3565035377716136,0.8390835131994023,6,0,False,False,False,False,False,False,True,False,False,False,True,False,False,False,False,False
ChIJO88KUwCfqTMRXjMon7rGBD0,Busay Cebu,attraction,cebu_city,0.95,0.12491146230148244,0.8402351591626038,1,0,False,True,False,False,False,False,False,False,False,False,True,False,False,False,False,False
ChIJwQ3KH9qYqTMRiX2vvF5-pcI,Goddess of Mercy,attraction,cebu_city,0.825,0.19382868665643888,0.8285488958990536,1,0,False,True,False,False,False,False,False,False,False,False,True,False,False,False,False,False
ChIJS5JJOgadqTMRUJqM5_VlPyo,Cebu Ocean Park,entertainment,cebu_city,0.8500000000000001,0.8791899876127952,0.8497751374141248,3,0,False,False,False,True,False,False,False,False,False,False,True,False,False,False,False,False
ChIJR3ruO0WfqTMRGBL1kQa3o_k,Pillar of wisdom,attraction,cebu_city,1.0,0.1424382886719887,0.8475523884632717,1,0,False,True,False,False,False,False,False,False,False,False,True,False,False,False,False,False
ChIJkw4YkuSbqTMRj-KNt73Rp_w,Carbon Market,shopping,cebu_city,0.8,0.9346235823984148,0.8001956055293413,9,0,False,False,False,False,False,False,False,False,False,True,True,False,False,False,False,False
ChIJkdhu5OObqTMRKja-3osRDPM,Jose Rizal Monument,history,cebu_city,0.75,0.1710125664748402,0.8183264440335036,5,0,False,False,False,False,False,True,False,False,False,False,True,False,False,False,False,False
ChIJEXt_JeGbqTMRBiTzDaj6YkE,Cebu Veterans Memorial,history,cebu_city,0.925,0.1829919847058274,0.8438632839651392,5,0,False,False,False,False,False,True,False,False,False,False,True,False,False,False,False,False
ChIJ5-E8c0WZqTMRl_XfV23NVlI,Eukaristiya - Garden of Thanksgiving,nature,cebu_city,0.875,0.10418162657770265,0.8326469213693187,7,0,False,False,False,False,False,False,False,True,False,False,True,False,False,False,False,False
ChIJkZqKMgCbqTMRzNY50ysUixQ,Pier Jays Fishing Spot,attraction,cebu_city,0.0,0.04610110417335775,0.7973641106527541,1,0,False,True,False,False,False,False,False,False,False,False,True,False,False,False,False,False
ChIJJ6QUUPKhqTMRNu715p48jA8,Little Amsterdam of Cebu,nature,north_metro,0.8,0.3848028473320057,0.8135456829068817,7,3,False,False,False,False,False,False,False,True,False,False,False,False,False,True,False,False
ChIJrUuKapKVqzMRQvxRUEQqaqc,Cancalanog Falls,attraction,south_cebu,0.8500000000000001,0.5165694947833283,0.8456241930546128,1,4,False,True,False,False,False,False,False,False,False,False,False,False,False,False,True,False
ChIJAQAAAJGdqzMRCm_lZQIGNNs,Binalayan Hidden Falls,attraction,south_cebu,0.925,0.5907510191454818,0.9133242286681542,1,4,False,True,False,False,False,False,False,False,False,False,False,False,False,False,True,False
ChIJ-5U3mZehqTMRyboNdkeoXsQ,Celosia Flower Farm,nature,north_metro,0.8500000000000001,0.42083549107780516,0.8420225673380248,7,3,False,False,False,False,False,False,False,True,False,False,False,False,False,True,False,False
ChIJeX8MgLLYqzMRue1rgnb9bHY,Mantayupan Falls,attraction,south_metro,0.8999999999999999,0.7023099939820442,0.8965048752509319,1,5,False,True,False,False,False,False,False,False,False,False,False,False,False,False,False,True
ChIJG307GL6WqzMRTsYGmmkWu7k,Cambais Falls,attraction,south_cebu,0.875,0.5581467022658537,0.8678529179810726,1,4,False,True,False,False,False,False,False,False,False,False,False,False,False,False,True,False
ChIJzaFdmHHAqzMRzyRjfu-ZeDU,Kawasan Falls,nature,south_cebu,0.875,0.9049046009297804,0.8746036280336124,7,4,False,False,False,False,False,False,False,True,False,False,False,False,False,False,True,False
ChIJjwZQ6IvcqzMR0WqHoCd4ap4,Lusno Falls,attraction,south_metro,0.8500000000000001,0.44925369567448575,0.8432217892414591,1,5,False,True,False,False,False,False,False,False,False,False,False,False,False,False,False,True
ChIJ56x_EsGbqzMR-DcsH4m41Z8,Kabutongan Falls,attraction,south_cebu,0.725,0.5057932551116435,0.7486951534270145,1,4,False,True,False,False,False,False,False,False,False,False,False,False,False,False,True,False
ChIJL_Kb3FidqzMRBxynW5Qfs0I,Dao Falls,attraction,south_cebu,0.825,0.57810474086302,0.8255724025643635,1,4,False,True,False,False,False,False,False,False,False,False,False,False,False,False,True,False
ChIJ4bgwIiOcqzMROg1NpXKtrcA,Inambakan Falls,attraction,south_cebu,0.875,0.6640769430004673,0.8718967893540613,1,4,False,True,False,False,False,False,False,False,False,False,False,False,False,False,True,False
ChIJe4fNPUCZqTMR5ifh0jqkDSg,Cebu City Tour,attraction,cebu_city,0.875,0.21282262129011165,0.8381118347410195,1,0,False,True,False,False,False,False,False,False,False,False,True,False,False,False,False,False
ChIJOeNmWACVqzMRVj54zGvmqAc,Kanlaob Falls,attraction,south_cebu,0.875,0.27769317964348883,0.8432351910269892,1,4,False,True,False,False,False,False,False,False,False,False,False,False,False,False,True,False
ChIJQRl4S1iZqTMRZzvp3uOXAFg,University of San Carlos Museum,museum,cebu_city,0.875,0.6009848449027181,0.8698489498962685,6,0,False,False,False,False,False,False,True,False,False,False,True,False,False,False,False,False
ChIJfcqOsBqZqTMR-AN8c3kGw_I,Cebu Kartzone Track,entertainment,cebu_city,0.8,0.6153004374407369,0.8029435286799663,3,0,False,False,False,True,False,False,False,False,False,False,True,False,False,False,False,False
ChIJYXnnKByZqTMRC1Wb7XGAw3E,EscapeCEBU,entertainment,cebu_city,0.925,0.3565035377716136,0.874609828988876,3,0,False,False,False,True,False,False,False,False,False,False,True,False,False,False,False,False
ChIJZW5_y-abqTMRO1ZYVTbD6mE,National Museum of the Philippines - Cebu,museum,cebu_city,0.8999999999999999,0.6546036963781441,0.8948136858562216,6,0,False,False,False,False,False,False,True,False,False,False,True,False,False,False,False,False
ChIJ7QGoYuGbqTMRU-2y4Igwiyw,BPI Museum,museum,cebu_city,0.75,0.20372182042960718,0.8149661271138232,6,0,False,False,False,False,False,False,True,False,False,False,True,False,False,False,False,False
ChIJUx4yODN2qzMRkZqWp_7Nego,Aguinid Falls,attraction,south_cebu,0.875,0.6195350743378087,0.8705504547742086,1,4,False,True,False,False,False,False,False,False,False,False,False,False,False,False,True,False
ChIJf4X5EVeZqTMRQ_EpX26alNA,Cebu City Sports Center,entertainment,cebu_city,0.8500000000000001,0.801297865311393,0.8495585073452292,3,0,False,False,False,True,False,False,False,False,False,False,True,False,False,False,False,False
ChIJ3xcIQNCXqTMR5QCimnAfri4,Mactan Shrine,history,eastern_cebu,0.8500000000000001,0.7424733970936277,0.8492696716577066,5,1,False,False,False,False,False,True,False,False,False,False,False,True,False,False,False,False
ChIJBcknJOGbqTMR0FI5ageqdP8,Andres Bonifacio Monument and Historical Marker,history,cebu_city,0.875,0.21282262129011165,0.8381118347410195,5,0,False,False,False,False,False,True,False,False,False,False,True,False,False,False,False,False
ChIJsU0lXrqbqTMRSzJaUJRJoiQ,Church and Convent of Santo Niño Historical Marker,history,cebu_city,0.875,0.2618023428339521,0.8418541123759886,5,0,False,False,False,False,False,True,False,False,False,False,True,False,False,False,False,False
ChIJPTWPS_6bqTMRToHjT4WgsQY,Battle of Tres de Abril Marker,history,cebu_city,0.825,0.20372182042960718,0.8284907172777577,5,0,False,False,False,False,False,True,False,False,False,False,True,False,False,False,False,False
ChIJs6m8SvabqTMRcrwULq3v-uk,South Road Properties Welcome Hill Tower,history,cebu_city,0.875,0.3461601091015959,0.8498674038894859,5,0,False,False,False,False,False,True,False,False,False,False,True,False,False,False,False,False
ChIJkQyF2eCbqTMRT8Gue94LhzI,Monument of Italian Antonio Pigafetta,history,cebu_city,0.7749999999999999,0.27263904478456363,0.8132103345625804,5,0,False,False,False,False,False,True,False,False,False,False,True,False,False,False,False,False
ChIJC9HXAuGbqTMRgVdZM4RjjwE,Miguel López de Legazpi Monument,history,cebu_city,0.8,0.34342023404587896,0.816254819488258,5,0,False,False,False,False,False,True,False,False,False,False,True,False,False,False,False,False
ChIJv57vuByXqTMRVxIpurXB7Vg,Lapulapu Monument,history,eastern_cebu,0.8500000000000001,0.7177430392779295,0.8490997688836313,5,1,False,False,False,False,False,True,False,False,False,False,False,True,False,False,False,False
ChIJb0AvS8ObqTMRiOdREpMasi0,Cebu China Town,history,cebu_city,0.75,0.12491146230148244,0.8220533409807858,5,0,False,False,False,False,False,True,False,False,False,False,True,False,False,False,False,False
ChIJI-Q9vUuZqTMReWgG8h-y65w,Philippine Chinese Spiritual Temple,religious,cebu_city,0.8999999999999999,0.33174852726885745,0.85887132272027,8,0,False,False,False,False,False,False,False,False,True,False,True,False,False,False,False,False
ChIJEalesxWZqTMRXDp52gxWuPo,Carmelite Monastery,religious,cebu_city,0.95,0.7119273018740058,0.9444967490920174,8,0,False,False,False,False,False,False,False,False,True,False,True,False,False,False,False,False
ChIJKyHUX_SfqzMRGnhoQMklRJY,Cuartel Ruins (Museo Oslob),history,south_cebu,0.875,0.7346644916027003,0.8732791074145547,5,4,False,False,False,False,False,True,False,False,False,False,False,False,False,False,True,False
ChIJ95A-5AycqTMRAigIv9nsSQs,Chapel of San Pedro Calungsod,religious,cebu_city,0.925,0.6635800770407408,0.9184781113813941,8,0,False,False,False,False,False,False,False,False,True,False,True,False,False,False,False,False
ChIJ4bw-lTQBqTMR_vaucHWN0NA,Old Panghaw Ruins,attraction,north_cebu,0.95,0.10418162657770265,0.8382024769248744,1,2,False,True,False,False,False,False,False,False,False,False,False,False,True,False,False,False
ChIJp45-1uObqTMRKiyk55UEjGY,Minor Basilica of the Holy Child of Cebu (Basilica Minore Del Sto. Niño de Cebu),religious,cebu_city,0.925,0.9516596637379917,0.9244484946721133,8,0,False,False,False,False,False,False,False,False,True,False,True,False,False,False,False,False
ChIJP_YPFwq9qTMRhff__b7AQqY,Bagacay Point Lighthouse,history,eastern_cebu,0.8500000000000001,0.5538717884804678,0.8466546250127202,5,1,False,False,False,False,False,True,False,False,False,False,False,True,False,False,False,False
ChIJM7oYEkWZqTMRTTYgCz5HUaY,Cebu Archdiocesan Shrine of Saint Pedro Calungsod,religious,cebu_city,0.925,0.45459267238470485,0.8947021123667293,8,0,False,False,False,False,False,False,False,False,True,False,True,False,False,False,False,False
ChIJzS-uWE6ZqTMR7yjRf5E9bt0,Fuente Osmeña Circle,nature,cebu_city,0.8,0.8229304069254404,0.800516755123258,7,0,False,False,False,False,False,False,False,True,False,False,True,False,False,False,False,False
ChIJ5-55wmd9qTMR6ltkkrdlwOw,Mercado Mansion,history,south_metro,0.8500000000000001,0.31524143251249886,0.8371967130116447,5,5,False,False,False,False,False,True,False,False,False,False,False,False,False,False,False,True
ChIJD4VamGibqTMRVm86CV46lfY,Gotiaoco Building,history,cebu_city,1.0,0.0,0.832606544194965,5,0,False,False,False,False,False,True,False,False,False,False,True,False,False,False,False,False
ChIJaWQelRyXqTMRVFOehBPdGPs,Magellan's Marker,history,eastern_cebu,0.8,0.7598223737284465,0.8008887811384832,5,1,False,False,False,False,False,True,False,False,False,False,False,True,False,False,False,False
ChIJ40-A7RecqTMR3k8P-RT__BU,Jumalon Butterfly Sanctuary And Art Gallery,museum,cebu_city,0.8500000000000001,0.5448072842883775,0.8464239094963559,6,0,False,False,False,False,False,False,True,False,False,False,True,False,False,False,False,False
ChIJX0FewuObqTMRpcVANk2piqg,Sergio V. Osmeña Jr. Monument,history,cebu_city,0.35,0.12491146230148244,0.7856897046171494,5,0,False,False,False,False,False,True,False,False,False,False,True,False,False,False,False,False
ChIJpcoLrk6ZqTMRcExWAjIzTbo,Cebu City Museum,museum,cebu_city,0.725,0.22909308887918511,0.8064520899053628,6,0,False,False,False,False,False,False,True,False,False,False,True,False,False,False,False,False
ChIJOztTQwCZqTMRSfbvMK1lusQ,UP Cebu Museum of Art & Culture,museum,cebu_city,0.575,0.07881035812812472,0.8148666746027022,6,0,False,False,False,False,False,False,True,False,False,False,True,False,False,False,False,False
ChIJff35ql-ZqTMR2rs9ITa-M8A,Museo Parian sa Sugbo,history,cebu_city,0.8999999999999999,0.20372182042960718,0.8420153074416921,5,0,False,False,False,False,False,True,False,False,False,False,True,False,False,False,False,False
ChIJi90hrk6ZqTMRpSo_IcOSSrU,Rizal Memorial Library & Museum Building,museum,cebu_city,0.8500000000000001,0.5159630970107802,0.8456056514997595,6,0,False,False,False,False,False,False,True,False,False,False,True,False,False,False,False,False
ChIJVVVVWVeZqTMRl7svJzEKQdE,Cebu Normal University Museum,museum,cebu_city,0.875,0.4249704672297206,0.857804013187543,6,0,False,False,False,False,False,False,True,False,False,False,True,False,False,False,False,False
ChIJv5CQXACXqTMRoPabt38KtYk,Mactan World Museum,history,eastern_cebu,0.925,0.07881035812812472,0.8346779953574192,5,1,False,False,False,False,False,True,False,False,False,False,False,True,False,False,False,False
ChIJY-TUSIGZqTMR3Wq19sd6T4o,STC Folklife Museum,museum,cebu_city,0.625,0.1424382886719887,0.8073738170347003,6,0,False,False,False,False,False,False,True,False,False,False,True,False,False,False,False,False
ChIJWXXYEWh9qTMR4F1__49kG-0,Carcar City Museum,museum,south_metro,0.7749999999999999,0.43281490930879224,0.7945175090211742,6,5,False,False,False,False,False,False,True,False,False,False,False,False,False,False,False,True
ChIJAQAA0EuZqTMRa-VZiB1rJ0M,Governors' Gallery,museum,cebu_city,0.75,0.0,0.8277045834106512,6,0,False,False,False,False,False,False,True,False,False,False,True,False,False,False,False,False
ChIJfwUUEeGiqzMRDZchWloRdos,Boljoon Parish Museum,museum,south_cebu,0.8999999999999999,0.3747343869044474,0.8656595510091574,6,4,False,False,False,False,False,False,True,False,False,False,False,False,False,False,True,False
ChIJm2Mp6xiZqTMRemzTwBMXRVk,Qube Gallery,museum,cebu_city,0.875,0.3704433375463611,0.852355779742012,6,0,False,False,False,False,False,False,True,False,False,False,True,False,False,False,False,False
ChIJva7EA-KhqTMRXv0yKCs_kPg,Terrazas de Flores Botanical Garden and Restaurant,food_drink,cebu_city,0.825,0.6392415069970041,0.825353710554723,4,0,False,False,False,False,True,False,False,False,False,False,True,False,False,False,False,False
ChIJRYgcrqV5qTMRatgajOsUJiE,Museo de Naga,museum,south_metro,0.925,0.1424382886719887,0.8395166741775575,6,5,False,False,False,False,False,False,True,False,False,False,False,False,False,False,False,True
ChIJZar-8URlqDMRN_CRHFT0Fco,Medellin Town Museum,museum,north_cebu,0.8,0.23643107438437416,0.822506673137588,6,2,False,False,False,False,False,False,True,False,False,False,False,False,True,False,False,False
ChIJnagE7CsNqTMRFZ1wkCBdgH8,Rica Juarez Studio,museum,north_metro,1.0,0.10418162657770265,0.841906180628578,6,3,False,False,False,False,False,False,True,False,False,False,False,False,False,True,False,False
ChIJpfi_g_WaqTMRbZPSsZ7-BsU,Cordova Museum,museum,eastern_cebu,0.44999999999999996,0.10418162657770265,0.8011654398878373,6,1,False,False,False,False,False,False,True,False,False,False,False,True,False,False,False,False
ChIJR6nEAT-ZqTMRrs6rLtOswdk,Ayala Terraces,shopping,cebu_city,0.875,0.922831043916823,0.8746610247152724,9,0,False,False,False,False,False,False,False,False,False,True,True,False,False,False,False,False
ChIJm1S9B92ZqTMRcvwrwgnkgN4,Jose Joya Art Gallery,museum,cebu_city,1.0,0.21282262129011165,0.8623053831281162,6,0,False,False,False,False,False,False,True,False,False,False,True,False,False,False,False,False
ChIJH2URLOaYqTMRAo6UJjq4ar0,Artissimo Art House,entertainment,cebu_city,0.875,0.1424382886719887,0.8341595313204146,3,0,False,False,False,True,False,False,False,False,False,False,True,False,False,False,False,False
ChIJsxkTKgCdqTMRSM0rYN4esCU,ALIGATO PALACE,museum,cebu_city,1.0,0.07881035812812472,0.8389232783762871,6,0,False,False,False,False,False,False,True,False,False,False,True,False,False,False,False,False
ChIJZz844hudqTMRrHiRx6mqHdk,Museo de Talisay (ecomuseum),museum,south_metro,0.55,0.12491146230148244,0.8038715227989676,6,5,False,False,False,False,False,False,True,False,False,False,False,False,False,False,False,True
ChIJdcjIFgucqTMR-kymV6QRuqA,Sky Park Garden,nature,cebu_city,0.925,0.33174852726885745,0.8693364389993398,7,0,False,False,False,False,False,False,False,True,False,False,True,False,False,False,False,False
ChIJ8z8T0ZWYqTMRE57h00Gphes,D' Family Park,nature,cebu_city,0.7749999999999999,0.6359033057444639,0.7796295797848859,7,0,False,False,False,False,False,False,False,True,False,False,True,False,False,False,False,False
ChIJAQAAAE2fqTMRzRCgt8lYPJQ,Mountain View Nature's Park,accommodation,cebu_city,0.8,0.6779086363704533,0.8017711062396408,0,0,True,False,False,False,False,False,False,False,False,False,True,False,False,False,False,False
ChIJzQIV3CGZqTMRlWk_9p1F2hQ,Cebu IT Park,nature,cebu_city,0.875,0.979823363093989,0.8747940693097374,7,0,False,False,False,False,False,False,False,True,False,False,True,False,False,False,False,False
ChIJ2cwbW-ObqTMR4tzhhkB7vR4,Freedom Park,nature,cebu_city,0.8,0.6394469258656029,0.8024260924609341,7,0,False,False,False,False,False,False,False,True,False,False,True,False,False,False,False,False
ChIJyW0jcSeZqTMR0b9f4EWpuEc,Family Park Talamban Entrance,nature,cebu_city,0.7749999999999999,0.4009447684824662,0.7981874679824206,7,0,False,False,False,False,False,False,False,True,False,False,True,False,False,False,False,False
ChIJ_y9nBv6dqTMRNSihzGB6L8k,Anjo World Theme Park,entertainment,south_metro,0.8500000000000001,0.7819438375411291,0.84947859917242,3,5,False,False,False,True,False,False,False,False,False,False,False,False,False,False,False,True
ChIJwY0vHOGbqTMRONDE_Nrwbcc,Cebu City Goverment - Parks and Playgrounds Commission,nature,cebu_city,0.875,0.21282262129011165,0.8381118347410195,7,0,False,False,False,False,False,False,False,True,False,False,True,False,False,False,False,False
ChIJQal5Z7KZqTMRFcu9gkc0tPA,Mandaue City Garden,nature,eastern_cebu,0.875,0.3867138051354345,0.8540177408618643,7,1,False,False,False,False,False,False,False,True,False,False,False,True,False,False,False,False
ChIJfRI3rGyZqTMRBWJSbUL8GgA,The Millennium Park,nature,cebu_city,0.825,0.19382868665643888,0.8285488958990536,7,0,False,False,False,False,False,False,False,True,False,False,True,False,False,False,False,False
ChIJVcpbjgidqTMRHI-48VL-9tM,Snow World Cebu,entertainment,south_metro,0.725,0.5929346121559878,0.7375010401773219,3,5,False,False,False,True,False,False,False,False,False,False,False,False,False,False,False,True
ChIJ0TTlZQucqTMR-DTvMHgH70U,Sky Park,entertainment,cebu_city,0.925,0.40901193210747105,0.8857617520815018,3,0,False,False,False,True,False,False,False,False,False,False,True,False,False,False,False,False
ChIJTTtaWgCZqTMRmExL0sIjxn8,CBP Central Park,nature,cebu_city,0.8500000000000001,0.2498229246029649,0.8345213993125854,7,0,False,False,False,False,False,False,False,True,False,False,True,False,False,False,False,False
ChIJIZuZLe6fqTMRbFYuHglJhi8,Sachiko's Little Kyoto,nature,cebu_city,0.825,0.6406717058903149,0.8253496449161628,7,0,False,False,False,False,False,False,False,True,False,False,True,False,False,False,False,False
ChIJvTvYdACdqTMR0P8I6SJaXi4,Cebu Fun Park,entertainment,cebu_city,0.30000000000000004,0.31163162733049904,0.6307866719242903,3,0,False,False,False,True,False,False,False,False,False,False,True,False,False,False,False,False
ChIJUx46VEmiqTMRezSBgzolhYY,The Topiary,nature,north_metro,0.825,0.19382868665643888,0.8285488958990536,7,3,False,False,False,False,False,False,False,True,False,False,False,False,False,True,False,False
ChIJtSnELYSeqTMRQqPG-w9c_70,Cebu Hillyland,nature,cebu_city,0.875,0.27263904478456363,0.8427877993513129,7,0,False,False,False,False,False,False,False,True,False,False,True,False,False,False,False,False
ChIJKxKUzy2ZqTMRklrAkX2L0Dw,Capitol Heritage Park,nature,cebu_city,0.5,0.04610110417335775,0.8165948798835234,7,0,False,False,False,False,False,False,False,True,False,False,True,False,False,False,False,False
ChIJF5VQajeZqTMRTTNdqhMN-SE,WaterWorld Cebu,entertainment,eastern_cebu,0.725,0.6914142427894707,0.7306417031969081,3,1,False,False,False,True,False,False,False,False,False,False,False,True,False,False,False,False
ChIJx537uT2fqTMRrXbUsCzgeTg,Busay Bike Park,nature,cebu_city,0.925,0.19382868665643888,0.8452155625657203,7,0,False,False,False,False,False,False,False,True,False,False,True,False,False,False,False,False
ChIJaejjSiWZqTMRePxkwZemv2M,La Parisienne Cebu,food_drink,cebu_city,0.825,0.8937414968626582,0.8250406750246309,4,0,False,False,False,False,True,False,False,False,False,False,True,False,False,False,False,False
ChIJfcTcgjO7qTMRCVOvGUEOUxw,Cascades Nature Park,entertainment,north_metro,0.825,0.5989518528353017,0.8254872625948357,3,3,False,False,False,True,False,False,False,False,False,False,False,False,False,True,False,False
ChIJBeMWxG6hqTMRqrRmWNRSU8A,"Mt. Kang-Irag Campsite, Sirao",nature,cebu_city,0.95,0.4401528948139813,0.9083650603720221,7,0,False,False,False,False,False,False,False,True,False,False,True,False,False,False,False,False
ChIJNT-ySLOjqTMR0X8ElltDdHY,Golden Haven Memorial Park - Cebu Office,nature,cebu_city,0.8500000000000001,0.3704433375463611,0.8397320173657745,7,0,False,False,False,False,False,False,False,True,False,False,True,False,False,False,False,False
ChIJQbvakUKZqTMREmJfSE0UT84,Doña Pepang Heritage Park,nature,cebu_city,0.6,0.20372182042960718,0.7879169467859544,7,0,False,False,False,False,False,False,False,True,False,False,True,False,False,False,False,False
ChIJq5tljwucqTMRspXTKaTyup8,Water Play SM Seaside,entertainment,cebu_city,0.825,0.1576207162562494,0.8287356798937406,3,0,False,False,False,True,False,False,False,False,False,False,True,False,False,False,False,False
ChIJq2IdQWaZqTMRwAM6-07QJa4,Verandah Fountain,nature,cebu_city,0.8,0.1424382886719887,0.8261238170347004,7,0,False,False,False,False,False,False,False,True,False,False,True,False,False,False,False,False
ChIJnymbkC6bqTMRg5714hrA8KQ,Cebu City Children's Park and Playground,nature,cebu_city,1.0,0.10418162657770265,0.841906180628578,7,0,False,False,False,False,False,False,False,True,False,False,True,False,False,False,False,False
ChIJHzm1fOSYqTMRC7axYsoc5cY,Cebu Memorial Park,nature,cebu_city,0.8,0.3254302733778161,0.8174158780231335,7,0,False,False,False,False,False,False,False,True,False,False,True,False,False,False,False,False
ChIJw-sAySGZqTMR9MobrYMi8GY,Sugbo Mercado,food_drink,cebu_city,0.8500000000000001,0.9287996238583647,0.8498540987273416,4,0,False,False,False,False,True,False,False,False,False,False,True,False,False,False,False,False
ChIJoctHCzGfqTMRwbPMOYZszkI,Nichols Park Subdivision,nature,cebu_city,0.75,0.10418162657770265,0.8233876621100595,7,0,False,False,False,False,False,False,False,True,False,False,True,False,False,False,False,False
ChIJ4bEIWb6ZqTMRFS8ArYDXz6Q,Plaza Rizal,nature,eastern_cebu,0.8999999999999999,0.4365430896319816,0.875091082774248,7,1,False,False,False,False,False,False,False,True,False,False,False,True,False,False,False,False
ChIJkQFWnJCYqTMR5wtlt7H7X_s,Golden Haven Memorial Park Cebu,religious,north_metro,0.9750000000000001,0.28253217855773194,0.8751771747115509,8,3,False,False,False,False,False,False,False,False,True,False,False,False,False,True,False,False
ChIJweRU5zqZqTMRgicIr3-9X-k,Kalidhay Park,nature,eastern_cebu,0.95,0.10418162657770265,0.8382024769248744,7,1,False,False,False,False,False,False,False,True,False,False,False,True,False,False,False,False
ChIJx4Nv9uObqTMRGFMN-u7faPY,Senior Citizen Park,nature,cebu_city,0.725,0.31163162733049904,0.7901616719242902,7,0,False,False,False,False,False,False,False,True,False,False,True,False,False,False,False,False
ChIJC4MIgnKZqTMRWP3VNaYBOF4,SM Storyland,entertainment,cebu_city,0.75,0.22909308887918511,0.8119208399053628,3,0,False,False,False,True,False,False,False,False,False,False,True,False,False,False,False,False
ChIJZ_1qi7eYqTMRdAJlzBxSLtY,Maria Luisa Highlands Clubhouse and Park,nature,cebu_city,0.8,0.4026046419449713,0.812397743677485,7,0,False,False,False,False,False,False,False,True,False,False,True,False,False,False,False,False
ChIJ2fq8nRidqTMRt671KgbUT8A,Crocolandia,entertainment,south_metro,0.825,0.6197793264464402,0.8254134635998898,3,5,False,False,False,True,False,False,False,False,False,False,False,False,False,False,False,True
ChIJAVOSl9OZqTMRKFuj71JIJUI,Millennium Park,nature,eastern_cebu,0.7749999999999999,0.6322456803803131,0.7797678976343465,7,1,False,False,False,False,False,False,False,True,False,False,False,True,False,False,False,False
ChIJ3Td4K1qfqTMRKhbRoWOa1Y8,Rope Course Adventure,entertainment,cebu_city,0.875,0.20372182042960718,0.8375071107203806,3,0,False,False,False,True,False,False,False,False,False,False,True,False,False,False,False,False
ChIJe1YOacaZqTMRnoLk8S08RpA,Lapu-Lapu City Senior Citizen's Park,nature,eastern_cebu,0.825,0.28253217855773194,0.8279169007389482,7,1,False,False,False,False,False,False,False,True,False,False,False,True,False,False,False,False
ChIJLzAmDPGdqTMRN8TcyJ2LUeY,Talisay Skate Park,nature,cebu_city,0.925,0.2673497509734712,0.8566133393420459,7,0,False,False,False,False,False,False,False,True,False,False,True,False,False,False,False,False
ChIJy7bCWACZqTMRwJqN2l380Xg,Bridge Park,nature,eastern_cebu,0.8999999999999999,0.27263904478456363,0.8501821655484959,7,1,False,False,False,False,False,False,False,True,False,False,False,True,False,False,False,False
ChIJ5ayiuvWaqTMRzLQGS4yTAl0,Cordova Park,nature,eastern_cebu,0.7,0.28253217855773194,0.7885333390951126,7,1,False,False,False,False,False,False,False,True,False,False,False,True,False,False,False,False
ChIJDRMjMhCuqTMRDJ9Sx5baExY,Cebu Safari and Adventure Park,attraction,north_metro,0.8999999999999999,0.8342786843591642,0.8988674139461873,1,3,False,True,False,False,False,False,False,False,False,False,False,False,False,True,False,False
ChIJ4RTeoEmfqTMRModG8vGejS4,BUSAY FALLS,attraction,cebu_city,0.725,0.34883551048796846,0.7816623234124263,1,0,False,True,False,False,False,False,False,False,False,False,True,False,False,False,False,False
ChIJjSmLnHGeqTMR6C15YGuC4b0,Kawa Falls,attraction,cebu_city,0.675,0.30404886387750296,0.7738837660761951,1,0,False,True,False,False,False,False,False,False,False,False,True,False,False,False,False,False
ChIJ63Ev1YmfqTMRrgawI1Ce37g,Himbabawod Falls,attraction,cebu_city,0.825,0.1424382886719887,0.8288023884632718,1,0,False,True,False,False,False,False,False,False,False,False,True,False,False,False,False,False
ChIJLfdeIT6eqTMR-ys6kWNOj60,Igutan Falls,attraction,cebu_city,0.8,0.39926030340899843,0.8126114978788208,1,0,False,True,False,False,False,False,False,False,False,False,True,False,False,False,False,False
ChIJgS9PmPehqTMRyq8XLx6sGY0,Kabang Falls,nature,cebu_city,0.7,0.2498229246029649,0.796461697820048,7,0,False,False,False,False,False,False,False,True,False,False,True,False,False,False,False,False
ChIJRzK717afqTMRHc1c43G-Nho,Balisong Falls,attraction,cebu_city,0.825,0.2212486468001134,0.8283799008562415,1,0,False,True,False,False,False,False,False,False,False,False,True,False,False,False,False,False
ChIJ25AWJ5SgqTMRreNeTYPuQus,Gining Falls,attraction,north_metro,0.875,0.20372182042960718,0.8375071107203806,1,3,False,True,False,False,False,False,False,False,False,False,False,False,False,True,False,False
ChIJC9NyI_KhqTMRhFllDPnu55A,Sayaw Falls,attraction,north_metro,0.65,0.1576207162562494,0.8072444518235652,1,3,False,True,False,False,False,False,False,False,False,False,False,False,False,True,False,False
ChIJo1rDyuCfqTMRx7VtNEF0pX4,Dakit Falls,attraction,cebu_city,0.925,0.07881035812812472,0.8346779953574192,1,0,False,True,False,False,False,False,False,False,False,False,True,False,False,False,False,False
ChIJk3eKawCfqTMRhZxLMHd3PM0,Langgitan Falls,attraction,cebu_city,0.825,0.1576207162562494,0.8287356798937406,1,0,False,True,False,False,False,False,False,False,False,False,True,False,False,False,False,False
ChIJS9U3GSF1qTMRl96pI_gSsiY,Manipis Falls,attraction,cebu_city,0.875,0.10418162657770265,0.8326469213693187,1,0,False,True,False,False,False,False,False,False,False,False,True,False,False,False,False,False
ChIJw8WcG3ifqTMRurJ2vPg6eDY,Bocaue Falls (Campo Cuatro Falls),attraction,cebu_city,0.925,0.07881035812812472,0.8346779953574192,1,0,False,True,False,False,False,False,False,False,False,False,True,False,False,False,False,False
ChIJu6TylIZ1qTMRGIM7rYHxmOQ,Paju Falls,attraction,cebu_city,0.375,0.04610110417335775,0.811787187575831,1,0,False,True,False,False,False,False,False,False,False,False,True,False,False,False,False,False
ChIJz96HUoFSqDMRiWAzJS1YPZE,Tinubdan Falls,nature,north_cebu,0.65,0.33773408359159407,0.7518515199311729,7,2,False,False,False,False,False,False,False,True,False,False,False,False,True,False,False,False
ChIJA53MLnh3qTMRFBpuge3V85s,Matun-og Falls,attraction,cebu_city,0.75,0.1424382886719887,0.8207666741775574,1,0,False,True,False,False,False,False,False,False,False,False,True,False,False,False,False,False
ChIJRcCglLx1qTMRu_fbodBr8Gs,Malubog Falls,attraction,cebu_city,0.8999999999999999,0.2959240287763226,0.8534596546571476,1,0,False,True,False,False,False,False,False,False,False,False,True,False,False,False,False,False
ChIJJ2dbEwCjqTMRSLB0foP9Bu8,Panas Falls,attraction,north_metro,0.8500000000000001,0.1576207162562494,0.8318058553323371,1,3,False,True,False,False,False,False,False,False,False,False,False,False,False,True,False,False
ChIJf7g2bf5xqTMRvwLSx3zHIOc,Sinungkulan Falls,attraction,cebu_city,0.875,0.27263904478456363,0.8427877993513129,1,0,False,True,False,False,False,False,False,False,False,False,True,False,False,False,False,False
ChIJqw73CWChqTMRmVFAWOAPhJE,Manggasang Falls,attraction,north_metro,1.0,0.07881035812812472,0.8389232783762871,1,3,False,True,False,False,False,False,False,False,False,False,False,False,False,True,False,False
ChIJYUesWrZ3qTMR_IFpUBtMg10,Kwasan Falls,attraction,cebu_city,0.825,0.2959240287763226,0.8278017599203056,1,0,False,True,False,False,False,False,False,False,False,False,True,False,False,False,False,False
ChIJb-hseIBNqDMRltzlJ--Pi2E,Ka-Tinggo Falls,attraction,north_cebu,0.7,0.21282262129011165,0.804240866999084,1,2,False,True,False,False,False,False,False,False,False,False,False,False,True,False,False,False
ChIJq60TnTZlqTMR7a6qpH4pCY4,Busagak Falls,attraction,south_metro,0.875,0.3254302733778161,0.8477730208802764,1,5,False,True,False,False,False,False,False,False,False,False,False,False,False,False,False,True
ChIJz_22VoVxqTMRD94ZZPxVh9I,Udlom Falls,attraction,cebu_city,1.0,0.1576207162562494,0.850226907963916,1,0,False,True,False,False,False,False,False,False,False,False,True,False,False,False,False,False
ChIJvbpuXQCjqTMRUVQdbvGrP58,DAO FALLS,attraction,cebu_city,0.875,0.04610110417335775,0.8310179568066003,1,0,False,True,False,False,False,False,False,False,False,False,True,False,False,False,False,False
ChIJ58BwOoR9qTMRJRhvntyceiA,Busay Falls,attraction,south_metro,0.825,0.1710125664748402,0.8286712716197105,1,5,False,True,False,False,False,False,False,False,False,False,False,False,False,False,False,True
ChIJBfGW8m7dqzMR8hx2oAxOvQw,Cambanog Falls,attraction,south_metro,0.875,0.3347806886368033,0.8487118822292323,1,5,False,True,False,False,False,False,False,False,False,False,False,False,False,False,False,True
ChIJAQAAAPBRqDMRWZfsKI3-7dk,Bagatayam Falls,attraction,north_cebu,0.75,0.3254302733778161,0.7971777827850384,1,2,False,True,False,False,False,False,False,False,False,False,False,False,True,False,False,False
ChIJZ_20foBNqDMR68W6gRDaKG4,Esoy Hot Spring,attraction,north_cebu,0.8,0.5153534477601062,0.8062252500167797,1,2,False,True,False,False,False,False,False,False,False,False,False,False,True,False,False,False
ChIJg2E9ZfN1qzMR1N-Xe5V3dzo,Tumalog Falls,attraction,south_cebu,0.8999999999999999,0.8243519206905033,0.8987658526706012,1,4,False,True,False,False,False,False,False,False,False,False,False,False,False,False,True,False
ChIJba-Hshp3qTMR1-soRg9QXsg,Liki Falls,attraction,cebu_city,1.0,0.10418162657770265,0.841906180628578,1,0,False,True,False,False,False,False,False,False,False,False,True,False,False,False,False,False
ChIJpfHZ5QmdqzMREoJ6M-NUHDo,Balay’g sawa Falls,attraction,south_cebu,0.825,0.2212486468001134,0.8283799008562415,1,4,False,True,False,False,False,False,False,False,False,False,False,False,False,False,True,False
ChIJSSMybzyYqzMRu1UbRDdhMWI,Dayhag Falls,attraction,south_cebu,0.925,0.4194230590902015,0.8878909593328932,1,4,False,True,False,False,False,False,False,False,False,False,False,False,False,False,True,False
ChIJq6qqqrqeqzMRf0gQhj3uP10,Bugnawan Falls,attraction,south_cebu,0.65,0.19382868665643888,0.7993822292323869,1,4,False,True,False,False,False,False,False,False,False,False,False,False,False,False,True,False
ChIJ6ySGXsqQqTMRRk3pyfCJX50,Maribago Public Beach,beach,eastern_cebu,0.725,0.5564559750100894,0.7414966258036177,2,1,False,False,True,False,False,False,False,False,False,False,False,True,False,False,False,False
ChIJv1KZujCdqTMRjVz6L1ymzuo,Rainbow Beach,attraction,south_metro,0.575,0.4365430896319816,0.6645277024925578,1,5,False,True,False,False,False,False,False,False,False,False,False,False,False,False,False,True
ChIJmbvB_-m8qTMRlsBKWcnblBk,Seafront Beach,beach,north_metro,0.42500000000000004,0.4026046419449713,0.5962960487622306,2,3,False,False,True,False,False,False,False,False,False,False,False,False,False,True,False,False
ChIJwe0ZcZeQqTMRcQyI7b112-M,Duawon Beach,beach,eastern_cebu,0.8500000000000001,0.23643107438437416,0.8340451346760496,2,1,False,False,True,False,False,False,False,False,False,False,False,True,False,False,False,False
ChIJS9SVyoSQqTMR_r6BdUQiRa8,Vaño Beach,beach,eastern_cebu,0.625,0.6833375241988868,0.636820525178175,2,1,False,False,True,False,False,False,False,False,False,False,False,True,False,False,False,False
ChIJp_Zn_ZmQqTMRlmi_WfwGL6k,Tonggo Beach,beach,eastern_cebu,0.675,0.34883551048796846,0.7588362364559045,2,1,False,False,True,False,False,False,False,False,False,False,False,True,False,False,False,False
ChIJb0afFee8qTMRbiuGztZQ7so,Bangkoro Beach,beach,north_metro,0.8,0.33773408359159407,0.8166242472039003,2,3,False,False,True,False,False,False,False,False,False,False,False,False,False,True,False,False
ChIJG9JQXumcqTMRWJgTND_Ta2o,Paz Beach Resort,beach,south_metro,0.75,0.4315445127086069,0.7787169112604581,2,5,False,False,True,False,False,False,False,False,False,False,False,False,False,False,False,True
ChIJ91Cv8om9qTMR_USQoLPS8Mo,VGL BEACH,beach,eastern_cebu,0.725,0.1710125664748402,0.8148781681714347,2,1,False,False,True,False,False,False,False,False,False,False,False,True,False,False,False,False
ChIJH1HYf8fNqTMRdMee-MDbHzk,Santiago White Beach,attraction,north_metro,0.875,0.38285922200562766,0.8536255491022731,1,3,False,True,False,False,False,False,False,False,False,False,False,False,False,True,False,False
ChIJM15Hr4SQqTMRLloU8vBMML4,Banban Beach,beach,eastern_cebu,0.525,0.33174852726885745,0.7018945785342234,2,1,False,False,True,False,False,False,False,False,False,False,False,True,False,False,False,False
ChIJQQLMF7WHqDMR36mJ20ZmU-g,Baigad Lagoon Beach,attraction,north_cebu,0.7749999999999999,0.613509860075067,0.7805365994978433,1,2,False,True,False,False,False,False,False,False,False,False,False,False,True,False,False,False
ChIJCc2YS2-7qTMRVPnFSJH-p7c,Waboo Beach,beach,north_metro,0.8,0.30404886387750296,0.81875556094799,2,3,False,False,True,False,False,False,False,False,False,False,False,False,False,True,False,False
ChIJGcYFFEiXqTMR4WARa1cjO_c,Crimson Beach side,beach,eastern_cebu,0.925,0.2673497509734712,0.8566133393420459,2,1,False,False,True,False,False,False,False,False,False,False,False,True,False,False,False,False
ChIJq7kHmFZ4qTMROLtDWZlh1yM,Ocean Side Beach,beach,south_metro,0.7,0.2673497509734712,0.7923276250563316,2,5,False,False,True,False,False,False,False,False,False,False,False,False,False,False,False,True
ChIJFQNCUQazqTMRxLeiIknm_YI,Kalubian Beach,beach,north_cebu,0.7749999999999999,0.38859317540904725,0.7996630341267564,2,2,False,False,True,False,False,False,False,False,False,False,False,False,True,False,False,False
ChIJs4prCHm6qTMR_Vc18KuwZRU,Costanera Beach,beach,north_metro,0.6,0.41208507358501245,0.6924430141447033,2,3,False,False,True,False,False,False,False,False,False,False,False,False,False,True,False,False
ChIJUfCdFT1nqDMRRkkRFnT_Oek,Orongan Beach Resort,beach,north_cebu,0.8,0.5723282955240323,0.8041093644773686,2,2,False,False,True,False,False,False,False,False,False,False,False,False,True,False,False,False
ChIJ0_-59xx4qTMR0e8B4VG5C1o,Pump Beach,beach,south_metro,0.625,0.1710125664748402,0.8010850647231589,2,5,False,False,True,False,False,False,False,False,False,False,False,False,False,False,False,True
ChIJU_IxCS6XqTMRV2W5EBLoxlU,"Happy Beach Cebu, Mactan",accommodation,eastern_cebu,0.65,0.5842706721150626,0.6729818814203672,0,1,True,False,False,False,False,False,False,False,False,False,False,True,False,False,False,False
ChIJGznepoK8qTMRnZIQyXW5e4Y,Blue Hibiscus Beach Camp,beach,north_metro,0.825,0.10418162657770265,0.8289432176656151,2,3,False,False,True,False,False,False,False,False,False,False,False,False,False,True,False,False
ChIJAUcc3zSXqTMR6E6jrOLk728,Bluewater Maribago Beach Resort,accommodation,eastern_cebu,0.8999999999999999,1.0,0.8997331120315357,0,1,True,False,False,False,False,False,False,False,False,False,False,True,False,False,False,False
ChIJkfuGOei8qTMRAbnPGN09L5k,pepito beach,beach,north_metro,0.65,0.39926030340899843,0.7272666702926139,2,3,False,False,True,False,False,False,False,False,False,False,False,False,False,True,False,False
ChIJQzUaun4HqTMRxhV0lNxMGnw,ELECA BEACH,beach,north_cebu,0.8500000000000001,0.2673497509734712,0.8351847679134745,2,2,False,False,True,False,False,False,False,False,False,False,False,False,True,False,False,False
ChIJ-QlA2iyXqTMRL-gEYKw3WqU,Bluewater Alegrado Beach,beach,eastern_cebu,0.675,0.07881035812812472,0.8205270519611928,2,1,False,False,True,False,False,False,False,False,False,False,False,True,False,False,False,False
ChIJvcQXCSCPqTMRgWbEMr0Mr1o,Caohagan Beach,beach,south_metro,0.8500000000000001,0.39405179064062357,0.8408224226012675,2,5,False,False,True,False,False,False,False,False,False,False,False,False,False,False,False,True
ChIJ-0VkX095qTMRUjEt7d9mKhc,Hoyohoy Beach,beach,south_metro,0.575,0.1576207162562494,0.7980339255077757,2,5,False,False,True,False,False,False,False,False,False,False,False,False,False,False,False,True
ChIJj7Op3Xy7qTMRX3GDH0PMHaM,Golden Horizon Beach,beach,north_metro,0.8999999999999999,0.1576207162562494,0.8379462062095301,2,3,False,False,True,False,False,False,False,False,False,False,False,False,False,True,False,False
ChIJ_TtnHqSdqTMRtCgmSVCH37c,Canton Beach,accommodation,south_metro,0.8999999999999999,0.2959240287763226,0.8534596546571476,0,5,True,False,False,False,False,False,False,False,False,False,False,False,False,False,False,True
ChIJw575NhiRqTMRkr_Aq_Xg5PY,Sulpa Beach,beach,south_metro,0.6,0.27263904478456363,0.7614497711822987,2,5,False,False,True,False,False,False,False,False,False,False,False,False,False,False,False,True
ChIJ_e8i95qQqTMRG0k2tgaKzFw,Uncle Mike's,beach,eastern_cebu,0.75,0.38285922200562766,0.787036764055544,2,1,False,False,True,False,False,False,False,False,False,False,False,True,False,False,False,False
ChIJ5YXPXZqQqTMRAUTXYe0eF_M,Galapagos Beach,beach,eastern_cebu,0.675,0.2618023428339521,0.7867816486078727,2,1,False,False,True,False,False,False,False,False,False,False,False,True,False,False,False,False
ChIJy6VX_em8qTMRphzaa35CNsU,Fatima Beach,beach,north_metro,0.575,0.1710125664748402,0.7941885129990209,2,3,False,False,True,False,False,False,False,False,False,False,False,False,False,True,False,False
ChIJ9Wo5rse9qTMR1kklgJYM2dM,La Vie Liloan Beach Club,beach,eastern_cebu,0.95,0.49535479984784353,0.9205508963606985,2,1,False,False,True,False,False,False,False,False,False,False,False,True,False,False,False,False
ChIJpXfpy4kNqTMRkeIWAsbO9U8,Talisay Public Beach,beach,north_metro,0.625,0.19382868665643888,0.7952155625657202,2,3,False,False,True,False,False,False,False,False,False,False,False,False,False,True,False,False
ChIJa2E7f3qbqTMR3fhTmgUpMos,Bantayan Bay Cordova,attraction,south_metro,0.825,0.47807066153712313,0.8261635724259192,1,5,False,True,False,False,False,False,False,False,False,False,False,False,False,False,False,True
ChIJN68K4BFiqTMRvCmAZH8gmgs,Sayaw Beach Resort,attraction,south_metro,0.75,0.5697057898412619,0.7613551110428172,1,5,False,True,False,False,False,False,False,False,False,False,False,False,False,False,False,True
ChIJn1CSWraQqTMRfev5vyg8Jjk,junjun beach,entertainment,eastern_cebu,0.725,0.36598396941165473,0.777655896504477,3,1,False,False,False,True,False,False,False,False,False,False,False,True,False,False,False,False
ChIJIcZcTHmaqTMRGucL2_tRCFs,Suba-Basbas Public Beach,beach,eastern_cebu,0.625,0.2673497509734712,0.7708990536277602,2,1,False,False,True,False,False,False,False,False,False,False,False,True,False,False,False,False
ChIJm6vfmXiXqTMR4kJkv5iCjuw,Hello Kitty Beach,attraction,eastern_cebu,0.44999999999999996,0.30404886387750296,0.6931145353069643,1,1,False,True,False,False,False,False,False,False,False,False,False,True,False,False,False,False
ChIJKXD6cZeQqTMRwUq1gbgLimI,Ocean Pearl Resort,accommodation,eastern_cebu,0.7,0.6542438881258392,0.7095043143440342,0,1,True,False,False,False,False,False,False,False,False,False,False,True,False,False,False,False
ChIJiwISPsGXqTMRcH4hQWrOJlc,J&J BEACH,attraction,eastern_cebu,0.75,0.07881035812812472,0.8247723349800608,1,1,False,True,False,False,False,False,False,False,False,False,False,True,False,False,False,False
ChIJE2TfT82dqTMRTyw-eL4h860,Biasong Beach,attraction,south_metro,0.725,0.20372182042960718,0.8104579303925118,1,5,False,True,False,False,False,False,False,False,False,False,False,False,False,False,False,True
ChIJz9Y5qGmZqTMRl2Lc5DD9XmM,South Palms Resort- Cebu Office,beach,cebu_city,1.0,0.07881035812812472,0.8389232783762871,2,0,False,False,True,False,False,False,False,False,False,False,True,False,False,False,False,False
ChIJf8v-5Bx4qTMRMWZHKUvsglg,Palm Beach Hotel Resort,accommodation,south_metro,0.625,0.4524870693790793,0.6904675240637386,0,5,True,False,False,False,False,False,False,False,False,False,False,False,False,False,False,True
ChIJfa2ejy-XqTMRwZUTlx45c_k,Climaco Beach,beach,eastern_cebu,0.7749999999999999,0.40744364085921436,0.7974209401152332,2,1,False,False,True,False,False,False,False,False,False,False,False,True,False,False,False,False
ChIJ-xuu4Hq7qTMRTQKJtzK8dhI,"Progress beach , Compostela",beach,north_metro,0.7749999999999999,0.24332405222621672,0.8161050568779274,2,3,False,False,True,False,False,False,False,False,False,False,False,False,False,True,False,False
ChIJ5TdO_UaRqTMR4R_y76E3BhA,JPark Beach side,beach,eastern_cebu,0.7749999999999999,0.27263904478456363,0.8132103345625804,2,1,False,False,True,False,False,False,False,False,False,False,False,True,False,False,False,False
ChIJW8wZWIOQqTMRuRdd8AgAwlI,Emerson's Beach Resort,beach,eastern_cebu,0.675,0.38859317540904725,0.7451175795813019,2,1,False,False,True,False,False,False,False,False,False,False,False,True,False,False,False,False
ChIJ8RtLpW-bqTMRTGQRKoauawU,Cordova sandbar beach,beach,south_metro,0.7,0.19382868665643888,0.8077155625657203,2,5,False,False,True,False,False,False,False,False,False,False,False,False,False,False,False,True
ChIJF894QDCdqTMRfO-Q5OenVLU,Osing Beach Resort,beach,south_metro,0.8,0.1829919847058274,0.8247954873549697,2,5,False,False,True,False,False,False,False,False,False,False,False,False,False,False,False,True
ChIJLx_4twaXqTMRy8wbQTpuIWU,Danilo's White Beach Cottage,attraction,eastern_cebu,1.0,0.04610110417335775,0.8358256491142926,1,1,False,True,False,False,False,False,False,False,False,False,False,True,False,False,False,False
ChIJl1vJPAiXqTMRjzZO0OrewfA,JUNJUNBEACH AQUA,attraction,eastern_cebu,0.8,0.2959240287763226,0.8192491283413581,1,1,False,True,False,False,False,False,False,False,False,False,False,True,False,False,False,False
ChIJldAx2Al_qTMROtLD4K5oONo,Aroma Beach,beach,south_metro,0.8500000000000001,0.20372182042960718,0.8329989139990691,2,5,False,False,True,False,False,False,False,False,False,False,False,False,False,False,False,True
ChIJE5t8IzWXqTMRJqGZcFz_log,Ouano Beach House,accommodation,eastern_cebu,0.95,0.2916329794182364,0.8695057833859094,0,1,True,False,False,False,False,False,False,False,False,False,False,True,False,False,False,False
ChIJgdHK9fedqTMRjVz01w_oFj0,Maharlika Seaside Park,nature,south_metro,0.825,0.30005900492823817,0.827765373427834,7,5,False,False,False,False,False,False,False,True,False,False,False,False,False,False,False,True
ChIJP14r2qViqDMRl3szqgqBl0Q,Sugar Beach,beach,north_cebu,0.8,0.5564559750100894,0.8046295371960228,2,2,False,False,True,False,False,False,False,False,False,False,False,False,True,False,False,False
ChIJfWLlM9CzqTMRlJeGkHWLye8,The Cebu Beach House,accommodation,north_metro,0.825,0.31524143251249886,0.8276288117770767,0,3,True,False,False,False,False,False,False,False,False,False,False,False,False,True,False,False
ChIJyfdN_2-RqTMRqhCNpTasriQ,Katano Hidden Beach,beach,eastern_cebu,0.65,0.1576207162562494,0.8072444518235652,2,1,False,False,True,False,False,False,False,False,False,False,False,True,False,False,False,False
ChIJzx5BolKZqTMR3hpd77w-Fac,Verano Jr Garden,nature,cebu_city,0.8,0.1829919847058274,0.8247954873549697,7,0,False,False,False,False,False,False,False,True,False,False,True,False,False,False,False,False
ChIJlWV0slufqTMRJeUsvOHkDBo,Love Lock Garden,nature,cebu_city,0.875,0.20372182042960718,0.8375071107203806,7,0,False,False,False,False,False,False,False,True,False,False,True,False,False,False,False,False
ChIJwy_X8WAKqTMRQPfNwb_X5yo,Buwakan ni Alejandra,attraction,north_metro,0.8999999999999999,0.7536037499608101,0.8977341023407708,1,3,False,True,False,False,False,False,False,False,False,False,False,False,False,True,False,False
ChIJA-UVq9mhqTMRLYWCoQlHlKk,Don meon Garden,nature,north_metro,0.9750000000000001,0.1576207162562494,0.8471567325253195,7,3,False,False,False,False,False,False,False,True,False,False,False,False,False,True,False,False
ChIJd_jrWVWZqTMRxkCd_5mYRjs,Lakeview Le Jardin,nature,north_metro,0.925,0.5941638058882308,0.9136292963276562,7,3,False,False,False,False,False,False,False,True,False,False,False,False,False,True,False,False
ChIJJbfd4lSYqTMRS3ATC-Ydt6k,Angelicum Garden of Angels,nature,eastern_cebu,0.8999999999999999,0.38859317540904725,0.8678448523085747,7,1,False,False,False,False,False,False,False,True,False,False,False,True,False,False,False,False
ChIJsSgta0aZqTMROUdw_V_lEEo,Queen City Memorial Gardens Corporation,religious,cebu_city,0.525,0.1710125664748402,0.787291961274883,8,0,False,False,False,False,False,False,False,False,True,False,True,False,False,False,False,False
ChIJT-YJdY6hqTMRDrz-csRelYA,Ka-tilong Sunflower Farm,nature,north_metro,0.8500000000000001,0.1829919847058274,0.8324226059990375,7,3,False,False,False,False,False,False,False,True,False,False,False,False,False,True,False,False
ChIJxTKP1RucqTMRMaGDFg7xBYc,Villa Esperanza Garden,entertainment,cebu_city,0.8,0.3747343869044474,0.8142032403295458,3,0,False,False,False,True,False,False,False,False,False,False,True,False,False,False,False,False
ChIJKc-t8wGlqTMREvifWNrj8S4,micasa garden,food_drink,north_metro,0.8500000000000001,0.38859317540904725,0.8405721250358473,4,3,False,False,False,False,True,False,False,False,False,False,False,False,False,True,False,False
ChIJeZUdou-fqTMRjfzOHy-pcyA,Buhisan Dam View Deck,attraction,cebu_city,0.875,0.31524143251249886,0.8467646142462124,1,0,False,True,False,False,False,False,False,False,False,False,True,False,False,False,False,False
ChIJv63SKwCfqTMRdWvwes3Vvmc,TOPS - SKAI360°,attraction,cebu_city,0.875,0.3187401489579213,0.8471089482188197,1,0,False,True,False,False,False,False,False,False,False,False,True,False,False,False,False,False
ChIJfa2ofQCfqTMR86cyS-vtVTM,Cebu's Favela View,attraction,cebu_city,0.5,0.10418162657770265,0.8048691435915409,1,0,False,True,False,False,False,False,False,False,False,False,True,False,False,False,False,False
ChIJi4EUR7egqTMRsqagmytm8LU,BAGUIO DE CEBU ECO-MOUNTAIN PARK ADVENTURE,nature,north_metro,0.875,0.4797551266105909,0.8626374797510444,7,3,False,False,False,False,False,False,False,True,False,False,False,False,False,True,False,False
ChIJvTK96lqfqTMRf85W9lgIVOM,Leah V. Albino-Adarna,history,cebu_city,0.7749999999999999,0.2916329794182364,0.8111724500525761,5,0,False,False,False,False,False,True,False,False,False,False,True,False,False,False,False,False
ChIJ6a1cQfSfqTMRM1P0kQe7G-k,Millthy's View,food_drink,cebu_city,0.95,0.10418162657770265,0.8382024769248744,4,0,False,False,False,False,True,False,False,False,False,False,True,False,False,False,False,False
ChIJT6MN1yGZqTMR3UfrE5FetKE,Monterrazas De Cebu,history,cebu_city,0.7749999999999999,0.5328802741306125,0.7851989990749744,5,0,False,False,False,False,False,True,False,False,False,False,True,False,False,False,False,False
ChIJ05K0ulufqTMRD6TIgEY1-U8,Top of Cebu,food_drink,cebu_city,0.8500000000000001,0.8096815105092279,0.849589280694631,4,0,False,False,False,False,True,False,False,False,False,False,True,False,False,False,False,False
ChIJ013nv-rBqzMRWtmyu0q6lNk,Kandungaw Peak,nature,south_cebu,0.925,0.5328802741306125,0.90700351035317,7,4,False,False,False,False,False,False,False,True,False,False,False,False,False,False,True,False
ChIJ3wv5kX-ZqTMRlPSwIKPdgX8,Horizon View Condo - Cebu,nature,cebu_city,0.7749999999999999,0.28253217855773194,0.8121634760814138,7,0,False,False,False,False,False,False,False,True,False,False,True,False,False,False,False,False
ChIJ71beu9GbqTMRxF6GClNllcI,CCLEX - Cebu City Point,history,cebu_city,0.925,0.562670598956686,0.9105375642113089,5,0,False,False,False,False,False,True,False,False,False,False,True,False,False,False,False,False
ChIJK7Jd7xWZqTMRv1lhz-p5i2g,Verified Rooftop Bar & Lounge,food_drink,cebu_city,0.875,0.6712805748957906,0.8720753628567048,4,0,False,False,False,False,True,False,False,False,False,False,True,False,False,False,False,False
ChIJSbkRxsygqTMRnMB8aYzITAk,Mount Mauyog Pinnacle Karst,nature,north_metro,0.9750000000000001,0.3461601091015959,0.894922348944431,7,3,False,False,False,False,False,False,False,True,False,False,False,False,False,True,False,False
ChIJ4W49zRiVqzMRnw1Db0kd0dg,Lugsangan Peak,nature,south_cebu,0.95,0.34342023404587896,0.8829214861549246,7,4,False,False,False,False,False,False,False,True,False,False,False,False,False,False,True,False
ChIJgYn8TwKvqTMRF6EEG8vfAmY,Mt. Mago,nature,north_metro,0.95,0.3514494029126883,0.8850853091821851,7,3,False,False,False,False,False,False,False,True,False,False,False,False,False,True,False,False
ChIJOeOaYJ-eqTMRfWFJ4na_pHc,Hills View Village,nature,cebu_city,0.8,0.3347806886368033,0.8168153305050945,7,0,False,False,False,False,False,False,False,True,False,False,True,False,False,False,False,False
ChIJIbDGqEWZqTMRoelsHQAPXYs,The Archdiocesan Shrine of the Most Sacred Heart of Jesus,religious,cebu_city,0.95,0.6348396935650414,0.9396091802993858,8,0,False,False,False,False,False,False,False,False,True,False,True,False,False,False,False,False
ChIJaZJt1dOeqTMRw3dscv0YQVM,Archdiocesan Shrine of Our Lady of Guadalupe,religious,cebu_city,0.8999999999999999,0.6015590850770924,0.8920693581926977,8,0,False,False,False,False,False,False,False,False,True,False,True,False,False,False,False,False
ChIJBdMP0hucqTMRLk-E6I6Sl04,Archdiocesan Shrine of Our Lady of Lourdes,religious,cebu_city,0.925,0.6150463606582649,0.9153486567619823,8,0,False,False,False,False,False,False,False,False,True,False,True,False,False,False,False,False
ChIJxZmjGUaZqTMRR5u5Tob6zGI,Our Mother of Perpetual Help - Redemptorist Church,religious,cebu_city,0.925,0.7467060721494387,0.9217479169524071,8,0,False,False,False,False,False,False,False,False,True,False,True,False,False,False,False,False
ChIJWxN4FSWZqTMR8KfwccwAEzg,Cebu City Philippines Temple,religious,cebu_city,0.925,0.6049449227422369,0.9145478902924524,8,0,False,False,False,False,False,False,False,False,True,False,True,False,False,False,False,False
ChIJme40sLOeqTMRwQg87MTn6AY,Alliance of Two Hearts Church,religious,cebu_city,0.8999999999999999,0.5207260682974214,0.885503826860423,8,0,False,False,False,False,False,False,False,False,True,False,True,False,False,False,False,False
ChIJ6TRaEUWZqTMRlloIrB56UHM,Archbishop's Palace - Archdiocese of Cebu,religious,cebu_city,0.875,0.47197038488093085,0.862005305420132,8,0,False,False,False,False,False,False,False,False,True,False,True,False,False,False,False,False
ChIJ1UYhmyaZqTMR8mOrYOgwLUY,Archdiocesan Shrine of St. Thérèse of the Child Jesus,religious,cebu_city,0.925,0.6268730598429979,0.9162163922090701,8,0,False,False,False,False,False,False,False,False,True,False,True,False,False,False,False,False
ChIJeYNtDozaqzMRQhw7yUZhvWI,Monastery of the Holy Eucharist,religious,south_metro,0.925,0.8380617359906432,0.9235165583371377,8,5,False,False,False,False,False,False,False,False,True,False,False,False,False,False,False,True
ChIJD6bjG7CbqTMR5yEpv0dFhh8,Sr. Sto. Niño Chapel,religious,cebu_city,0.875,0.28253217855773194,0.8436703253964823,8,0,False,False,False,False,False,False,False,False,True,False,True,False,False,False,False,False
ChIJTZoSWC-ZqTMRM1T0lpFognE,"Cebu Word of Life Church Ministries, Inc.",religious,cebu_city,1.0,0.23643107438437416,0.8686605192914341,8,0,False,False,False,False,False,False,False,False,True,False,True,False,False,False,False,False
ChIJk_BrJeKbqTMRy6lIrU8g27M,Cebu Gospel Church,religious,cebu_city,0.8999999999999999,0.25597033050867857,0.8479843199109296,8,0,False,False,False,False,False,False,False,False,True,False,True,False,False,False,False,False
ChIJH0OWauGbqTMR-eP5Em1te4g,"Santuario Arquidiocesano de Nuestra Señora del Carmen, la Limpia (formerly Our Lady of Mt. Carmel Parish-Recoletos)",religious,cebu_city,0.875,0.3904419854586238,0.8543957995850741,8,0,False,False,False,False,False,False,False,False,True,False,True,False,False,False,False,False
ChIJzYaCh0aZqTMRvuQBLuSfLXU,"IGLESIA NI CRISTO [Cebu City, Cebu District Office]",religious,cebu_city,0.925,0.5598126560680936,0.9102251041788371,8,0,False,False,False,False,False,False,False,False,True,False,True,False,False,False,False,False
ChIJv5WUaV-ZqTMRx2A_hZ7kr7k,Maranatha Christian Fellowship,religious,cebu_city,0.95,0.28717361128353003,0.8684180237019354,8,0,False,False,False,False,False,False,False,False,True,False,True,False,False,False,False,False
ChIJg2LOh0iZqTMRObPelomTWUo,Mother of Perpetual Help Parish (Cebu Archdiocese),religious,cebu_city,0.95,0.34342023404587896,0.8829214861549246,8,0,False,False,False,False,False,False,False,False,True,False,True,False,False,False,False,False
ChIJU6ov8uWYqTMRfBoe2d_Z98g,Adoration Convent of Divine Peace,religious,cebu_city,0.9750000000000001,0.41208507358501245,0.9162333367253486,8,0,False,False,False,False,False,False,False,False,True,False,True,False,False,False,False,False
ChIJ69rb5DeZqTMRfNGBX2itk9U,Our Lady of the Sacred Heart Parish,religious,cebu_city,0.925,0.6365367297383995,0.916872553062722,8,0,False,False,False,False,False,False,False,False,True,False,True,False,False,False,False,False
ChIJt0v6Yk2ZqTMRJYks04He-RY,Cebu Bethel Temple,religious,cebu_city,0.8,0.27263904478456363,0.8206047007597636,8,0,False,False,False,False,False,False,False,False,True,False,True,False,False,False,False,False
ChIJ_5mLA_ybqTMR63RFja0hA0E,Archdiocesan Shrine of San Nicolas de Tolentino Parish Church,religious,cebu_city,0.925,0.4701655959893574,0.8974881250226623,8,0,False,False,False,False,False,False,False,False,True,False,True,False,False,False,False,False
ChIJhRePD0WZqTMRFDvlNTa3i64,Sanctuary Of The Most Sacred Heart Of Jesus,religious,cebu_city,1.0,0.04610110417335775,0.8358256491142926,8,0,False,False,False,False,False,False,False,False,True,False,True,False,False,False,False,False
ChIJXwBQNreeqTMRrjhKsUUBOiE,"Living Word Christian Churches of Cebu - International, Incorporated",religious,cebu_city,0.95,0.3682355145276992,0.8896293375394322,8,0,False,False,False,False,False,False,False,False,True,False,True,False,False,False,False,False
ChIJTU-bAzeZqTMRj14oIniY1AI,Word for the World Christian Fellowship - Cebu,religious,cebu_city,0.8999999999999999,0.24332405222621672,0.8464080871809577,8,0,False,False,False,False,False,False,False,False,True,False,True,False,False,False,False,False
ChIJEyWnqmyZqTMRrrqU4cQyuvc,"Saint Joseph the Patriarch Parish Church - Mabolo, Cebu City",religious,cebu_city,0.8999999999999999,0.6822159435841249,0.8958679132639522,8,0,False,False,False,False,False,False,False,False,True,False,True,False,False,False,False,False
ChIJr5TyTFeZqTMRGey7mOrelc0,Daughters of St. Paul - Cebu City,religious,cebu_city,1.0,0.10418162657770265,0.841906180628578,8,0,False,False,False,False,False,False,False,False,True,False,True,False,False,False,False,False
ChIJu7TeMLOeqTMROsAvDQ1aC4M,Fo Guang Shan Chu Un Temple,religious,cebu_city,0.8999999999999999,0.4263160369320442,0.8736039832383822,8,0,False,False,False,False,False,False,False,False,True,False,True,False,False,False,False,False
ChIJK9q601OZqTMRhDhrA8ynZ8k,San Vicente Ferrer Parish-Franciscans,religious,cebu_city,0.8999999999999999,0.3904419854586238,0.8681345383238128,8,0,False,False,False,False,False,False,False,False,True,False,True,False,False,False,False,False
ChIJLZkmkDWZqTMRkXbW7Bvx93E,Mother of Perpetual Help,religious,cebu_city,1.0,0.12491146230148244,0.8447806137080585,8,0,False,False,False,False,False,False,False,False,True,False,True,False,False,False,False,False
ChIJ8btqfgWcqTMRt_zRHQlVONc,Cebu Archdiocesan Shrine of San Roque,religious,cebu_city,0.8500000000000001,0.43407126809022506,0.8425923839567373,8,0,False,False,False,False,False,False,False,False,True,False,True,False,False,False,False,False
ChIJuwBG7MyZqTMR6oUMuNZ9YNo,Jesus And My Church - Cebu (JAMC),religious,cebu_city,1.0,0.0,0.832606544194965,8,0,False,False,False,False,False,False,False,False,True,False,True,False,False,False,False,False
ChIJT3t55DOZqTMR_yk0s2YML2A,Cebu Christian Center Church,religious,cebu_city,0.95,0.24332405222621672,0.8585292993021698,8,0,False,False,False,False,False,False,False,False,True,False,True,False,False,False,False,False
ChIJ1TE752ObqTMRjb3IQ-dCLuY,St Joseph Priory Cebu Faith Hub - Brothers of St. John,religious,cebu_city,0.95,0.20372182042960718,0.851031700884315,8,0,False,False,False,False,False,False,False,False,True,False,True,False,False,False,False,False
ChIJbXkmC9eZqTMRXfP8h1eanOg,UPCPI - City Tabernacle Cebu,religious,cebu_city,1.0,0.04610110417335775,0.8358256491142926,8,0,False,False,False,False,False,False,False,False,True,False,True,False,False,False,False,False
ChIJxy08xYKZqTMR_XIipO0NY5U,Victory Cebu Downtown,religious,cebu_city,0.95,0.40424063150594086,0.8992683508734725,8,0,False,False,False,False,False,False,False,False,True,False,True,False,False,False,False,False
ChIJP29DZsOZqTMRyi5f6kTCqag,Lifegiver Cebu,religious,cebu_city,1.0,0.04610110417335775,0.8358256491142926,8,0,False,False,False,False,False,False,False,False,True,False,True,False,False,False,False,False
ChIJUR36uMqeqTMRE5tFqW3d330,ISBCC International Southern Baptist Church Of Cebu Inc.,religious,cebu_city,0.95,0.1829919847058274,0.8476768432871731,8,0,False,False,False,False,False,False,False,False,True,False,True,False,False,False,False,False
ChIJbUrAhEaZqTMR9e-HBedkeII,Praise Cathedral - Cebu,religious,cebu_city,1.0,0.10418162657770265,0.841906180628578,8,0,False,False,False,False,False,False,False,False,True,False,True,False,False,False,False,False
ChIJI7_IFEqZqTMRoSqQr27S8XU,"MCGI Locale of Guadalupe, Cebu City, Cebu (Members Church of God International)",religious,cebu_city,1.0,0.31163162733049904,0.8932866719242902,8,0,False,False,False,False,False,False,False,False,True,False,True,False,False,False,False,False
ChIJg7CD61CZqTMRx0_t_IRhVwU,Santo Niño de Cebu Augustinian Social Development Foundation Inc.,religious,cebu_city,1.0,0.21282262129011165,0.8623053831281162,8,0,False,False,False,False,False,False,False,False,True,False,True,False,False,False,False,False
ChIJz3YfNDyZqTMR8m8io1I0P6k,Cebu Christian Gospel Center 基督徒聚會所,religious,cebu_city,0.9750000000000001,0.2212486468001134,0.8593322818086224,8,0,False,False,False,False,False,False,False,False,True,False,True,False,False,False,False,False
ChIJj9pgdHybqTMRAKcnZlDwAq4,Cebu Cathedral Rectory,religious,cebu_city,1.0,0.04610110417335775,0.8358256491142926,8,0,False,False,False,False,False,False,False,False,True,False,True,False,False,False,False,False
ChIJL7OYCwCbqTMRjBb3O2UKBmE,A simbahan,religious,cebu_city,1.0,0.0,0.832606544194965,8,0,False,False,False,False,False,False,False,False,True,False,True,False,False,False,False,False
ChIJRx1PrDaZqTMR5hWtt0Kd71w,Sacred Heart Of Jesus Bless And Protect The People Of Cebu,religious,cebu_city,1.0,0.04610110417335775,0.8358256491142926,8,0,False,False,False,False,False,False,False,False,True,False,True,False,False,False,False,False
ChIJyVOzDOGbqTMRKLXraGUHopM,ICOC Cebu (International Churches of Christ Cebu),religious,cebu_city,1.0,0.20372182042960718,0.860048094326938,8,0,False,False,False,False,False,False,False,False,True,False,True,False,False,False,False,False
ChIJ2yemU_qbqTMRwZtaHfMZSKs,Sto. Niño Parish,religious,cebu_city,0.875,0.4105588853969822,0.8564059654792131,8,0,False,False,False,False,False,False,False,False,True,False,True,False,False,False,False,False
ChIJp3BV_TKZqTMRb4YwZ4IC-_E,LLCF Free Methodist Church Cebu,religious,cebu_city,0.8500000000000001,0.1829919847058274,0.8324226059990375,8,0,False,False,False,False,False,False,False,False,True,False,True,False,False,False,False,False
ChIJ67giJ6-eqTMRQw-9KuvKcy0,Redeemer's Covenant Baptist Church of Cebu (formerly Sovereign Grace Bible Church),religious,cebu_city,1.0,0.19382868665643888,0.8577155625657202,8,0,False,False,False,False,False,False,False,False,True,False,True,False,False,False,False,False
ChIJpbOLMDiZqTMRCcb34fvFZkY,Liturgical Apostolate Center - Cebu,shopping,cebu_city,1.0,0.12491146230148244,0.8447806137080585,9,0,False,False,False,False,False,False,False,False,False,True,True,False,False,False,False,False
ChIJg8iXiB-ZqTMRbdDuu583FCs,Capitol Center Seventh-day Adventist Church,religious,cebu_city,0.9750000000000001,0.21282262129011165,0.8574666734506969,8,0,False,False,False,False,False,False,False,False,True,False,True,False,False,False,False,False
ChIJH39EPdaZqTMRpsLAeennnq0,Believers Church Cebu,religious,cebu_city,1.0,0.0,0.832606544194965,8,0,False,False,False,False,False,False,False,False,True,False,True,False,False,False,False,False
ChIJR6QkSf-bqTMR3KyMryTm72I,Cebu Bible Church,religious,cebu_city,1.0,0.1424382886719887,0.8475523884632717,8,0,False,False,False,False,False,False,False,False,True,False,True,False,False,False,False,False
ChIJ035cwz6ZqTMRMlnbgJGuyEc,St. Pauls,shopping,cebu_city,0.8999999999999999,0.24332405222621672,0.8464080871809577,9,0,False,False,False,False,False,False,False,False,False,True,True,False,False,False,False,False
ChIJQ6Q3gL5zqTMRxMbCTo2EC4Q,Cebu,beach,cebu_city,0.875,0.7685886113566259,0.8737107856561123,2,0,False,False,True,False,False,False,False,False,False,False,True,False,False,False,False,False
