source,name,category,average_rating,review_count,price_range,latitude,longitude,description,url,page_offset
TripAdvisor,Ayala Center Cebu,Shopping Malls,4.3,1846,,,,,https://www.tripadvisor.com/Attraction_Review-g298460-d1475801-Reviews-Ayala_Center_Cebu-Cebu_City_Cebu_Island_Visayas.html,0
TripAdvisor,Basilica del Santo Niño,Speciality Museums • Religious Sites,4.3,2178,,,,This famous church dates back to the early Spanish colonial era. The Church was founded by the Augustinian friars since their arrival in 1565. You could also find in the church the miraculous image…,https://www.tripadvisor.com/Attraction_Review-g298460-d320854-Reviews-Basilica_del_Santo_Nino-Cebu_City_Cebu_Island_Visayas.html,0
TripAdvisor,Taoist Temple,Religious Sites,4.1,1513,,,,,https://www.tripadvisor.com/Attraction_Review-g298460-d1484752-Reviews-Taoist_Temple-Cebu_City_Cebu_Island_Visayas.html,0
TripAdvisor,Tops Lookout,Observation Decks & Towers,4.1,1032,,,,This property is temporary closed,https://www.tripadvisor.com/Attraction_Review-g298460-d1784733-Reviews-Tops_Lookout-Cebu_City_Cebu_Island_Visayas.html,0
TripAdvisor,Casa Gorordo Museum,Speciality Museums,4.6,625,,,,"Casa Gorordo is a house museum located in the historic Parian district of Cebu, the oldest city in the Philippines. Built in the 1850's, it lived through several important social changes that shaped…",https://www.tripadvisor.com/Attraction_Review-g298460-d320857-Reviews-Casa_Gorordo_Museum-Cebu_City_Cebu_Island_Visayas.html,0
TripAdvisor,Magellan's Cross,Historic Sites,3.8,1849,,,,This is the spot where Ferdinand Magellan planted a cross in the soil in 1521 and claimed the Philippines for Spain.,https://www.tripadvisor.com/Attraction_Review-g298460-d320852-Reviews-Magellan_s_Cross-Cebu_City_Cebu_Island_Visayas.html,0
TripAdvisor,Sirao Pictoral Garden,Gardens,3.9,301,,,,,https://www.tripadvisor.com/Attraction_Review-g298460-d11759529-Reviews-Sirao_Pictoral_Garden-Cebu_City_Cebu_Island_Visayas.html,0
TripAdvisor,Cebu Ocean Park - Cebu,Amusement & Theme Parks • Aquariums,4.6,111,,,,"We are the largest Oceanarium in the Philippines aiming to provide both our visitors and community a unique marine-life experience to achieve our dream to educate, conserve and inspire. What drives…",https://www.tripadvisor.com/Attraction_Review-g298460-d16717756-Reviews-Cebu_Ocean_Park_Cebu-Cebu_City_Cebu_Island_Visayas.html,0
TripAdvisor,SM Seaside City Cebu,Shopping Malls,4.0,312,,,,,https://www.tripadvisor.com/Attraction_Review-g298460-d8853837-Reviews-SM_Seaside_City_Cebu-Cebu_City_Cebu_Island_Visayas.html,0
TripAdvisor,Fort San Pedro,Historic Sites,3.8,1343,,,,This fort was built in the early 1700s to protect against Muslim raids.,https://www.tripadvisor.com/Attraction_Review-g298460-d320853-Reviews-Fort_San_Pedro-Cebu_City_Cebu_Island_Visayas.html,0
TripAdvisor,Temple of Leah,Monuments & Statues,3.6,638,,,,,https://www.tripadvisor.com/Attraction_Review-g298460-d7396423-Reviews-Temple_of_Leah-Cebu_City_Cebu_Island_Visayas.html,0
TripAdvisor,Taboan Public Market,Flea & Street Markets,3.9,120,,,,,https://www.tripadvisor.com/Attraction_Review-g298460-d1818289-Reviews-Taboan_Public_Market-Cebu_City_Cebu_Island_Visayas.html,0
TripAdvisor,Sugbo Mercado,Points of Interest & Landmarks,4.4,114,,,,"“The Biggest Weekend Food Market In Cebu” Sugbo Mercado opened on September 25, 2015, with the goal of being the first and biggest year-round weekly food market in Cebu and as a venue for the best…",https://www.tripadvisor.com/Attraction_Review-g298460-d9885785-Reviews-Sugbo_Mercado-Cebu_City_Cebu_Island_Visayas.html,0
TripAdvisor,Mountain View Nature's Park,Water Parks,4.0,212,,,,,https://www.tripadvisor.com/Attraction_Review-g298460-d2103326-Reviews-Mountain_View_Nature_s_Park-Cebu_City_Cebu_Island_Visayas.html,0
TripAdvisor,Yap Sandiego Ancestral House,Historic Sites,4.2,577,,,,One of the oldest residential structure in the Philippines.,https://www.tripadvisor.com/Attraction_Review-g298460-d1520123-Reviews-Yap_Sandiego_Ancestral_House-Cebu_City_Cebu_Island_Visayas.html,0
TripAdvisor,Robinsons Galleria Cebu,Department Stores • Shopping Malls,4.1,119,,,,,https://www.tripadvisor.com/Attraction_Review-g298460-d9716443-Reviews-Robinsons_Galleria_Cebu-Cebu_City_Cebu_Island_Visayas.html,0
TripAdvisor,Colon Street,Historic Sites,3.3,623,,,,,https://www.tripadvisor.com/Attraction_Review-g298460-d2086858-Reviews-Colon_Street-Cebu_City_Cebu_Island_Visayas.html,0
TripAdvisor,Carmelite Monastery Cebu City,Religious Sites,4.7,71,,,,,https://www.tripadvisor.com/Attraction_Review-g298460-d3534460-Reviews-Carmelite_Monastery_Cebu_City-Cebu_City_Cebu_Island_Visayas.html,0
TripAdvisor,Heritage Of Cebu Monument,Monuments & Statues,3.9,335,,,,,https://www.tripadvisor.com/Attraction_Review-g298460-d2559471-Reviews-Heritage_Of_Cebu_Monument-Cebu_City_Cebu_Island_Visayas.html,0
TripAdvisor,University of San Carlos Museum,History Museums,4.4,235,,,,,https://www.tripadvisor.com/Attraction_Review-g298460-d12176379-Reviews-University_of_San_Carlos_Museum-Cebu_City_Cebu_Island_Visayas.html,0
TripAdvisor,Jumalon Butterfly Sanctuary,Nature & Wildlife Areas,4.1,108,,,,See rare butterflies at the only park of its kind in the Philippines.,https://www.tripadvisor.com/Attraction_Review-g298460-d320855-Reviews-Jumalon_Butterfly_Sanctuary-Cebu_City_Cebu_Island_Visayas.html,0
TripAdvisor,Casino Filipino,Casinos,3.4,121,,,,"Over four hundred slot machines, over sixty table games and seven restaurants make Casino Filipino a popular gaming destination.",https://www.tripadvisor.com/Attraction_Review-g298460-d320843-Reviews-Casino_Filipino-Cebu_City_Cebu_Island_Visayas.html,0
TripAdvisor,Cebu Metropolitan Cathedral,Religious Sites,4.3,175,,,,,https://www.tripadvisor.com/Attraction_Review-g298460-d1488648-Reviews-Cebu_Metropolitan_Cathedral-Cebu_City_Cebu_Island_Visayas.html,0
TripAdvisor,Chapel of San Pedro Calungsod,Religious Sites,4.3,136,,,,,https://www.tripadvisor.com/Attraction_Review-g298460-d5566780-Reviews-Chapel_of_San_Pedro_Calungsod-Cebu_City_Cebu_Island_Visayas.html,0
TripAdvisor,Museo Sugbo,Speciality Museums,4.2,229,,,,,https://www.tripadvisor.com/Attraction_Review-g298460-d1806181-Reviews-Museo_Sugbo-Cebu_City_Cebu_Island_Visayas.html,0
TripAdvisor,1730 Jesuit House,Historic Sites,4.4,183,,,,,https://www.tripadvisor.com/Attraction_Review-g298460-d2233349-Reviews-1730_Jesuit_House-Cebu_City_Cebu_Island_Visayas.html,0
TripAdvisor,Sinulog Festival,Cultural Events,4.2,28,,,,,https://www.tripadvisor.com/Attraction_Review-g298460-d10020460-Reviews-Sinulog_Festival-Cebu_City_Cebu_Island_Visayas.html,0
TripAdvisor,Fuente Osmena,Points of Interest & Landmarks,3.4,227,,,,,https://www.tripadvisor.com/Attraction_Review-g298460-d4305640-Reviews-Fuente_Osmena-Cebu_City_Cebu_Island_Visayas.html,0
TripAdvisor,Parkmall,Shopping Malls,3.7,39,,,,,https://www.tripadvisor.com/Attraction_Review-g298460-d10536607-Reviews-Parkmall-Cebu_City_Cebu_Island_Visayas.html,0
TripAdvisor,Mt. Naupa,Mountains,4.7,16,,,,,https://www.tripadvisor.com/Attraction_Review-g298460-d7578308-Reviews-Mt_Naupa-Cebu_City_Cebu_Island_Visayas.html,0
TripAdvisor,Mango Square Mall,Shopping Malls,3.6,34,,,,,https://www.tripadvisor.com/Attraction_Review-g298460-d10408637-Reviews-Mango_Square_Mall-Cebu_City_Cebu_Island_Visayas.html,30
TripAdvisor,Marcelo Fernan Bridge,Bridges,3.6,348,,,,,https://www.tripadvisor.com/Attraction_Review-g298460-d2369533-Reviews-Marcelo_Fernan_Bridge-Cebu_City_Cebu_Island_Visayas.html,30
TripAdvisor,Terrazas de Flores,Gardens,4.1,33,,,,"Terrazas de Flores is a flower terraces botanical garden in Malubog, shortly after Busay and approximately 15 minutes away from Cebu IT Park. Proudly a Cebuano work of art, the garden was built by…",https://www.tripadvisor.com/Attraction_Review-g298460-d12408472-Reviews-Terrazas_de_Flores-Cebu_City_Cebu_Island_Visayas.html,30
TripAdvisor,Mt. Kan-Irag,Mountains,4.7,9,,,,,https://www.tripadvisor.com/Attraction_Review-g298460-d7398578-Reviews-Mt_Kan_Irag-Cebu_City_Cebu_Island_Visayas.html,30
TripAdvisor,Durano Eco Farm & Spring Resort,Hot Springs & Geysers,3.6,25,,,,,https://www.tripadvisor.com/Attraction_Review-g298460-d7398871-Reviews-Durano_Eco_Farm_Spring_Resort-Cebu_City_Cebu_Island_Visayas.html,30
TripAdvisor,Ogtong Cave Resort,Beaches • Beach & Pool Clubs,3.5,35,,,,,https://www.tripadvisor.com/Attraction_Review-g298460-d7813022-Reviews-Ogtong_Cave_Resort-Cebu_City_Cebu_Island_Visayas.html,30
TripAdvisor,Guadalupe Cave,Caverns & Caves,3.9,17,,,,This religious site is said to have healing powers.,https://www.tripadvisor.com/Attraction_Review-g298460-d320856-Reviews-Guadalupe_Cave-Cebu_City_Cebu_Island_Visayas.html,30
TripAdvisor,Sachiko's Little Kyoto,Gardens,4.2,6,,,,,https://www.tripadvisor.com/Attraction_Review-g298460-d25111361-Reviews-Sachiko_s_Little_Kyoto-Cebu_City_Cebu_Island_Visayas.html,30
TripAdvisor,Esoy Hot Spring,Hot Springs & Geysers,3.7,28,,,,,https://www.tripadvisor.com/Attraction_Review-g298460-d3685101-Reviews-Esoy_Hot_Spring-Cebu_City_Cebu_Island_Visayas.html,30
TripAdvisor,Cebu City Sports Center,Arenas & Stadiums,4.1,8,,,,,https://www.tripadvisor.com/Attraction_Review-g298460-d10727009-Reviews-Cebu_City_Sports_Center-Cebu_City_Cebu_Island_Visayas.html,30
TripAdvisor,Gaisano Country Mall,Shopping Malls,3.4,36,,,,,https://www.tripadvisor.com/Attraction_Review-g298460-d9766568-Reviews-Gaisano_Country_Mall-Cebu_City_Cebu_Island_Visayas.html,30
TripAdvisor,Mainit Spring,Bodies of Water,3.9,35,,,,,https://www.tripadvisor.com/Attraction_Review-g298460-d7234677-Reviews-Mainit_Spring-Cebu_City_Cebu_Island_Visayas.html,30
TripAdvisor,Beverly View Events Pavilion,Scenic Walking Areas,4.5,11,,,,"Beverly View is an exclusive events glass garden pavilion in a relaxing mountain ambiance nestled on top of Beverly Hills. Private, safe and secured located only 10 minutes away drive from the Waterfront…",https://www.tripadvisor.com/Attraction_Review-g298460-d9875107-Reviews-Beverly_View_Events_Pavilion-Cebu_City_Cebu_Island_Visayas.html,30
TripAdvisor,Nustar Mall,Casinos • Shopping Malls,4.4,5,,,,,https://www.tripadvisor.com/Attraction_Review-g298460-d27413579-Reviews-Nustar_Mall-Cebu_City_Cebu_Island_Visayas.html,30
TripAdvisor,Celestial Garden,Gardens,3.9,16,,,,,https://www.tripadvisor.com/Attraction_Review-g298460-d1806185-Reviews-Celestial_Garden-Cebu_City_Cebu_Island_Visayas.html,30
TripAdvisor,Budlaan Falls,Waterfalls,3.4,8,,,,,https://www.tripadvisor.com/Attraction_Review-g298460-d9681281-Reviews-Budlaan_Falls-Cebu_City_Cebu_Island_Visayas.html,30
TripAdvisor,Plaza Independencia,Historic Sites • Parks,3.9,37,,,,,https://www.tripadvisor.com/Attraction_Review-g298460-d1806266-Reviews-Plaza_Independencia-Cebu_City_Cebu_Island_Visayas.html,30
TripAdvisor,National Museum Of The Philippines - Cebu,History Museums,4.5,4,,,,,https://www.tripadvisor.com/Attraction_Review-g298460-d28097797-Reviews-National_Museum_Of_The_Philippines_Cebu-Cebu_City_Cebu_Island_Visayas.html,30
TripAdvisor,Sirao Pictorial Garden,Gardens,4.0,9,,,,,https://www.tripadvisor.com/Attraction_Review-g298460-d11916908-Reviews-Sirao_Pictorial_Garden-Cebu_City_Cebu_Island_Visayas.html,30
TripAdvisor,Cebu Zoo,Zoos,2.9,96,,,,,https://www.tripadvisor.com/Attraction_Review-g298460-d2514934-Reviews-Cebu_Zoo-Cebu_City_Cebu_Island_Visayas.html,30
TripAdvisor,Basilica Minore del Sto. Niño de Cebu,Churches & Cathedrals,4.4,14,,,,,https://www.tripadvisor.com/Attraction_Review-g298460-d15277238-Reviews-Basilica_Minore_del_Sto_Nino_de_Cebu-Cebu_City_Cebu_Island_Visayas.html,30
TripAdvisor,Basilica Del Santo Nino Museum,Speciality Museums,4.0,75,,,,,https://www.tripadvisor.com/Attraction_Review-g298460-d8744343-Reviews-Basilica_Del_Santo_Nino_Museum-Cebu_City_Cebu_Island_Visayas.html,30
TripAdvisor,OceanJet,Ferries,2.5,275,,,,,https://www.tripadvisor.com/Attraction_Review-g298460-d11965527-Reviews-OceanJet-Cebu_City_Cebu_Island_Visayas.html,30
TripAdvisor,Archdiocesan Museum Of Cebu,Speciality Museums,3.7,59,,,,,https://www.tripadvisor.com/Attraction_Review-g298460-d3604641-Reviews-Archdiocesan_Museum_Of_Cebu-Cebu_City_Cebu_Island_Visayas.html,30
TripAdvisor,Santo Rosario Parish Church,Churches & Cathedrals,4.4,17,,,,,https://www.tripadvisor.com/Attraction_Review-g298460-d10436062-Reviews-Santo_Rosario_Parish_Church-Cebu_City_Cebu_Island_Visayas.html,30
TripAdvisor,Kartzone,Game & Entertainment Centers,4.1,17,,,,,https://www.tripadvisor.com/Attraction_Review-g298460-d9820670-Reviews-Kartzone-Cebu_City_Cebu_Island_Visayas.html,30
TripAdvisor,Panndanon Island,Islands,4.1,72,,,,,https://www.tripadvisor.com/Attraction_Review-g298460-d8070730-Reviews-Panndanon_Island-Cebu_City_Cebu_Island_Visayas.html,30
TripAdvisor,Maravillosa Park,Beaches,4.1,7,,,,,https://www.tripadvisor.com/Attraction_Review-g298460-d8064544-Reviews-Maravillosa_Park-Cebu_City_Cebu_Island_Visayas.html,30
TripAdvisor,SM City Cebu,Speciality & Gift Shops,4.0,722,,,,,https://www.tripadvisor.com/Attraction_Review-g298460-d1480865-Reviews-SM_City_Cebu-Cebu_City_Cebu_Island_Visayas.html,30
TripAdvisor,Rizaliana Museum,Speciality Museums,4.5,4,,,,This museum honors the life of Dr. Jose Rizal.,https://www.tripadvisor.com/Attraction_Review-g298460-d320859-Reviews-Rizaliana_Museum-Cebu_City_Cebu_Island_Visayas.html,30
TripAdvisor,APM Malls Cebu,Shopping Malls,3.0,4,,,,APM Malls consists of two establishments namely APM Centrale and APM Shopping Mall which offers variety of choices for shopping trendy travel outfits or high fashioned items with a very affordable…,https://www.tripadvisor.com/Attraction_Review-g298460-d12298043-Reviews-APM_Malls_Cebu-Cebu_City_Cebu_Island_Visayas.html,60
TripAdvisor,Fo Guang Shan Chu Un Temple,Points of Interest & Landmarks,3.9,20,,,,,https://www.tripadvisor.com/Attraction_Review-g298460-d4757330-Reviews-Fo_Guang_Shan_Chu_Un_Temple-Cebu_City_Cebu_Island_Visayas.html,60
TripAdvisor,Paulina Constancia Museum of Naive Art,Speciality Museums • Art Museums,4.7,6,,,,"The Paulina Constancia Museum of Naive Art [MoNA] is part of West Gorordo Hotel’s Cultural Stewardship Program. It is a means to showcase, share and protect local art and culture. Through the Museum…",https://www.tripadvisor.com/Attraction_Review-g298460-d10066503-Reviews-Paulina_Constancia_Museum_of_Naive_Art-Cebu_City_Cebu_Island_Visayas.html,60
TripAdvisor,Tops Cebu,Points of Interest & Landmarks • Observation Decks & Towers,3.8,4,,,,,https://www.tripadvisor.com/Attraction_Review-g298460-d33242741-Reviews-Tops_Cebu-Cebu_City_Cebu_Island_Visayas.html,60
TripAdvisor,Cheeva Spa,Spas,4.7,68,,,,,https://www.tripadvisor.com/Attraction_Review-g298460-d15771097-Reviews-Cheeva_Spa-Cebu_City_Cebu_Island_Visayas.html,60
TripAdvisor,Raintree Mall,Shopping Malls,3.5,2,,,,,https://www.tripadvisor.com/Attraction_Review-g298460-d13432429-Reviews-Raintree_Mall-Cebu_City_Cebu_Island_Visayas.html,60
TripAdvisor,Kabang Waterfalls,Waterfalls,4.2,11,,,,,https://www.tripadvisor.com/Attraction_Review-g298460-d7602074-Reviews-Kabang_Waterfalls-Cebu_City_Cebu_Island_Visayas.html,60
TripAdvisor,BPI Museum,Speciality Museums,4.2,6,,,,,https://www.tripadvisor.com/Attraction_Review-g298460-d12110177-Reviews-BPI_Museum-Cebu_City_Cebu_Island_Visayas.html,60
TripAdvisor,Cebu Provincial Capitol,Government Buildings,3.4,13,,,,,https://www.tripadvisor.com/Attraction_Review-g298460-d12180279-Reviews-Cebu_Provincial_Capitol-Cebu_City_Cebu_Island_Visayas.html,60
TripAdvisor,Christmas Village Of Love Cebu,Cultural Events,5.0,2,,,,The Christmas Village of Love in Cebu was initially called the Christmas Village of Hope. It was first conceptualized by couples Clayton and Joji Tugonon. Clayton was one of Cebu’s gems being a sought…,https://www.tripadvisor.com/Attraction_Review-g298460-d25321993-Reviews-Christmas_Village_Of_Love_Cebu-Cebu_City_Cebu_Island_Visayas.html,60
TripAdvisor,Hilutungan Island,Islands,3.3,3,,,,,https://www.tripadvisor.com/Attraction_Review-g298460-d10664994-Reviews-Hilutungan_Island-Cebu_City_Cebu_Island_Visayas.html,60
TripAdvisor,Philippine Chinese Spiritual Temple,Points of Interest & Landmarks,3.7,6,,,,,https://www.tripadvisor.com/Attraction_Review-g298460-d12839825-Reviews-Philippine_Chinese_Spiritual_Temple-Cebu_City_Cebu_Island_Visayas.html,60
TripAdvisor,Atua Midtown,Speciality & Gift Shops • Art Galleries,5.0,6,,,,,https://www.tripadvisor.com/Attraction_Review-g298460-d32880527-Reviews-Atua_Midtown-Cebu_City_Cebu_Island_Visayas.html,60
TripAdvisor,Senior Citizens Park,Parks • Churches & Cathedrals,3.3,23,,,,,https://www.tripadvisor.com/Attraction_Review-g298460-d3878967-Reviews-Senior_Citizens_Park-Cebu_City_Cebu_Island_Visayas.html,60
TripAdvisor,The Spa At Radisson Blu Cebu,Spas,4.8,136,,,,"At The Spa At Radisson Blu, we offer a range of holistic relaxation treatments to release tension, soothe the mind, energize the body and uplift the spirit to help you escape, reboot and recover.",https://www.tripadvisor.com/Attraction_Review-g298460-d7694896-Reviews-The_Spa_At_Radisson_Blu_Cebu-Cebu_City_Cebu_Island_Visayas.html,60
TripAdvisor,Alta Vista Golf & Country Club,Golf Courses,4.0,36,,,,,https://www.tripadvisor.com/Attraction_Review-g298460-d2454250-Reviews-Alta_Vista_Golf_Country_Club-Cebu_City_Cebu_Island_Visayas.html,60
TripAdvisor,Cebu City Museum,Art Museums,3.2,5,,,,,https://www.tripadvisor.com/Attraction_Review-g298460-d14141887-Reviews-Cebu_City_Museum-Cebu_City_Cebu_Island_Visayas.html,60
TripAdvisor,Cebu Botanical Garden,Gardens,3.0,9,,,,,https://www.tripadvisor.com/Attraction_Review-g298460-d1806184-Reviews-Cebu_Botanical_Garden-Cebu_City_Cebu_Island_Visayas.html,60
TripAdvisor,Robinsons Movieworld,Theaters,2.3,3,,,,,https://www.tripadvisor.com/Attraction_Review-g298460-d9871755-Reviews-Robinsons_Movieworld-Cebu_City_Cebu_Island_Visayas.html,60
TripAdvisor,Mandaue-Mactan Bridge,Bridges,3.2,13,,,,,https://www.tripadvisor.com/Attraction_Review-g298460-d10593072-Reviews-Mandaue_Mactan_Bridge-Cebu_City_Cebu_Island_Visayas.html,60
TripAdvisor,Cebu Archdiocesan Shrine of Saint Pedro Calungsod,Religious Sites,5.0,2,,,,,https://www.tripadvisor.com/Attraction_Review-g298460-d12845348-Reviews-Cebu_Archdiocesan_Shrine_of_Saint_Pedro_Calungsod-Cebu_City_Cebu_Island_Visayas.html,60
TripAdvisor,Magellan's Park,Parks,3.8,4,,,,,https://www.tripadvisor.com/Attraction_Review-g298460-d10200751-Reviews-Magellan_s_Park-Cebu_City_Cebu_Island_Visayas.html,60
TripAdvisor,Ayala Center Cebu Cinemas,Movie Theaters,4.0,227,,,,,https://www.tripadvisor.com/Attraction_Review-g298460-d2044424-Reviews-Ayala_Center_Cebu_Cinemas-Cebu_City_Cebu_Island_Visayas.html,60
TripAdvisor,Cebu City Philippines Temple,Religious Sites,3.3,3,,,,"*Please visit the temple website for open hours and appointments.* Temples of The Church of Jesus Christ of Latter-day Saints are considered houses of God, a place of holiness and peace separate from…",https://www.tripadvisor.com/Attraction_Review-g298460-d12178713-Reviews-Cebu_City_Philippines_Temple-Cebu_City_Cebu_Island_Visayas.html,60
TripAdvisor,Banilad Sports Club,Sports Complexes,2.8,8,,,,"Unique in Cebu, the Banilad Sports Club is a non-membership leisure place that offers you a chance to relax, drink at our famous Sandtrap bar, alfresco dining, watch favorite sports, play tennis or…",https://www.tripadvisor.com/Attraction_Review-g298460-d8073441-Reviews-Banilad_Sports_Club-Cebu_City_Cebu_Island_Visayas.html,60
TripAdvisor,Emall,Department Stores • Shopping Malls,5.0,1,,,,,https://www.tripadvisor.com/Attraction_Review-g298460-d21408379-Reviews-Emall-Cebu_City_Cebu_Island_Visayas.html,60
TripAdvisor,Malacanan Sa Sugbu,Government Buildings,3.1,18,,,,,https://www.tripadvisor.com/Attraction_Review-g298460-d3903225-Reviews-Malacanan_Sa_Sugbu-Cebu_City_Cebu_Island_Visayas.html,60
TripAdvisor,St. Joseph Chaplaincy,Churches & Cathedrals,4.5,2,,,,,https://www.tripadvisor.com/Attraction_Review-g298460-d10198162-Reviews-St_Joseph_Chaplaincy-Cebu_City_Cebu_Island_Visayas.html,60
TripAdvisor,Howling Dogs Sports Grill,Bars & Clubs,4.2,12,,,,"Howling Dogs Sports Grill is the #1 sports/good times bar in Cebu City. We offer live bands every night, any sport you want to see on any of our 7 enormous flat screens, great food, and the coldest…",https://www.tripadvisor.com/Attraction_Review-g298460-d16802075-Reviews-Howling_Dogs_Sports_Grill-Cebu_City_Cebu_Island_Visayas.html,60
TripAdvisor,TIEZA Botanical Garden,Gardens,4.0,1,,,,,https://www.tripadvisor.com/Attraction_Review-g298460-d13170868-Reviews-TIEZA_Botanical_Garden-Cebu_City_Cebu_Island_Visayas.html,60
TripAdvisor,Sugbu Chinese Heritage Museum,History Museums,3.0,1,,,,,https://www.tripadvisor.com/Attraction_Review-g298460-d28191109-Reviews-Sugbu_Chinese_Heritage_Museum-Cebu_City_Cebu_Island_Visayas.html,90
TripAdvisor,Aloha Mana Spa & Cafe,Spas,5.0,27,,,,"Aloha Mana Spa & Cafe offers a relaxing and affordable quality massage services with accredited massage therapist. Inspired by the cool ocean breeze and luscious greens of the tropics, Aloha Mana …",https://www.tripadvisor.com/Attraction_Review-g298460-d15337153-Reviews-Aloha_Mana_Spa_Cafe-Cebu_City_Cebu_Island_Visayas.html,90
TripAdvisor,Healing Point Massage,Spas,4.4,41,,,,A clean massage shop with well experienced massuese that offers Foot & Body Massage for a very affordable price.,https://www.tripadvisor.com/Attraction_Review-g298460-d10403314-Reviews-Healing_Point_Massage-Cebu_City_Cebu_Island_Visayas.html,90
TripAdvisor,Music One Family Ktv,Game & Entertainment Centers,3.0,26,,,,,https://www.tripadvisor.com/Attraction_Review-g298460-d5989597-Reviews-Music_One_Family_Ktv-Cebu_City_Cebu_Island_Visayas.html,90
TripAdvisor,Pagadian's Holy Infant Jesus of Prague,Points of Interest & Landmarks,5.0,1,,,,,https://www.tripadvisor.com/Attraction_Review-g298460-d1637951-Reviews-Pagadian_s_Holy_Infant_Jesus_of_Prague-Cebu_City_Cebu_Island_Visayas.html,90
TripAdvisor,Busay Holiday Pools,Water Parks,,,,,,,https://www.tripadvisor.com/Attraction_Review-g298460-d17802523-Reviews-Busay_Holiday_Pools-Cebu_City_Cebu_Island_Visayas.html,90
TripAdvisor,Club Icon,Bars & Clubs • Dance Clubs & Discos,3.9,7,,,,,https://www.tripadvisor.com/Attraction_Review-g298460-d19925426-Reviews-Club_Icon-Cebu_City_Cebu_Island_Visayas.html,90
TripAdvisor,Cebu Country Club,Golf Courses,3.1,33,,,,"The 18-hole course features natural landscaping and winding fairways lined with trees, lakes and sand traps that have turned it into a stunning championship course. These offer an interesting challenge…",https://www.tripadvisor.com/Attraction_Review-g298460-d320837-Reviews-Cebu_Country_Club-Cebu_City_Cebu_Island_Visayas.html,90
TripAdvisor,"Trans-Asia Shipping Lines, Inc.",Ferries,1.8,9,,,,,https://www.tripadvisor.com/Attraction_Review-g298460-d13237828-Reviews-Trans_Asia_Shipping_Lines_Inc-Cebu_City_Cebu_Island_Visayas.html,90
TripAdvisor,Ammo-Nation Phil,Shooting Ranges,4.8,5,,,,,https://www.tripadvisor.com/Attraction_Review-g298460-d15795378-Reviews-Ammo_Nation_Phil-Cebu_City_Cebu_Island_Visayas.html,90
TripAdvisor,R Spa,Spas • Thermal Spas,5.0,1,,,,,https://www.tripadvisor.com/Attraction_Review-g298460-d15662086-Reviews-R_Spa-Cebu_City_Cebu_Island_Visayas.html,90
TripAdvisor,St. Joseph Church,Churches & Cathedrals,3.5,2,,,,,https://www.tripadvisor.com/Attraction_Review-g298460-d19632819-Reviews-St_Joseph_Church-Cebu_City_Cebu_Island_Visayas.html,90
TripAdvisor,Cebu Transfers,Taxis & Shuttles,4.8,56,,,,"Cebu Transfers (formerly Shuttle Daddy Transfers) is your trusted provider for reliable, private, and comfortable transportation across Cebu. We specialize in hassle-free airport pickups, city transfers…",https://www.tripadvisor.com/Attraction_Review-g298460-d14025579-Reviews-Cebu_Transfers-Cebu_City_Cebu_Island_Visayas.html,90
TripAdvisor,Carreta Cemetary,Cemeteries • Mysterious Sites,,,,,,an unusual site deep within Carreta Cemetary often visited by Cebus prostitutes seeking favour and protection while walking the streets for foreigners seeking pleasure.,https://www.tripadvisor.com/Attraction_Review-g298460-d14183317-Reviews-Carreta_Cemetary-Cebu_City_Cebu_Island_Visayas.html,90
TripAdvisor,Young Hands Spa,Spas,5.0,1,,,,Experience a full body massage. Presses and glides with two hands. Offered to boost your positive energy and heal all the tantrums of the body.,https://www.tripadvisor.com/Attraction_Review-g298460-d25230548-Reviews-Young_Hands_Spa-Cebu_City_Cebu_Island_Visayas.html,90
TripAdvisor,Cebu Rental Motorbike & Car,Gear Rentals,4.9,16,,,,"We offer scooter, motorcycle, and car rental near Mactan Cebu Airport. We have 2 locations in Cebu City and one in Lapu Lapu near the airport. You can walk from the airport to our location. Our location…",https://www.tripadvisor.com/Attraction_Review-g298460-d8152312-Reviews-Cebu_Rental_Motorbike_Car-Cebu_City_Cebu_Island_Visayas.html,90
TripAdvisor,Dr. Emilio Osmeña Botanical Garden,Gardens • Scenic Walking Areas,,,,,,,https://www.tripadvisor.com/Attraction_Review-g298460-d17484401-Reviews-Dr_Emilio_Osmena_Botanical_Garden-Cebu_City_Cebu_Island_Visayas.html,90
TripAdvisor,Shamrock Pasalubong Center,Speciality & Gift Shops,3.2,11,,,,,https://www.tripadvisor.com/Attraction_Review-g298460-d11548770-Reviews-Shamrock_Pasalubong_Center-Cebu_City_Cebu_Island_Visayas.html,90
TripAdvisor,The Kabilin Center,Civic Centres,,,,,,The Kabilin Center is envisioned to be a hub for Cebuano culture-based activities.,https://www.tripadvisor.com/Attraction_Review-g298460-d26228213-Reviews-The_Kabilin_Center-Cebu_City_Cebu_Island_Visayas.html,90
TripAdvisor,Alegria Heritage Park Xavier Bay Complex,Points of Interest & Landmarks,4.0,2,,,,,https://www.tripadvisor.com/Attraction_Review-g298460-d12137792-Reviews-Alegria_Heritage_Park_Xavier_Bay_Complex-Cebu_City_Cebu_Island_Visayas.html,90
TripAdvisor,Cebu IT Park,Bus Services,4.5,2,,,,,https://www.tripadvisor.com/Attraction_Review-g298460-d26406560-Reviews-Cebu_IT_Park-Cebu_City_Cebu_Island_Visayas.html,90
TripAdvisor,SM Cebu IMAX,Movie Theaters,3.9,22,,,,,https://www.tripadvisor.com/Attraction_Review-g298460-d7383768-Reviews-SM_Cebu_IMAX-Cebu_City_Cebu_Island_Visayas.html,90
TripAdvisor,Dumanjug Church,Architectural Buildings • Churches & Cathedrals,,,,,,,https://www.tripadvisor.com/Attraction_Review-g298460-d11951561-Reviews-Dumanjug_Church-Cebu_City_Cebu_Island_Visayas.html,90
TripAdvisor,Nuat Thai Foot and Body Massage,Spas,3.3,19,,,,,https://www.tripadvisor.com/Attraction_Review-g298460-d8501704-Reviews-Nuat_Thai_Foot_and_Body_Massage-Cebu_City_Cebu_Island_Visayas.html,90
TripAdvisor,Botanica Escario,Gardens,5.0,1,,,,,https://www.tripadvisor.com/Attraction_Review-g298460-d34136035-Reviews-Botanica_Escario-Cebu_City_Cebu_Island_Visayas.html,90
TripAdvisor,Island Souveniers,Speciality & Gift Shops,4.2,26,,,,,https://www.tripadvisor.com/Attraction_Review-g298460-d6219188-Reviews-Island_Souveniers-Cebu_City_Cebu_Island_Visayas.html,90
TripAdvisor,Balai Oriental Massage and Wellness Spa,Spas,4.9,11,,,,Balai Oriental Massage and Wellness Spa offers a variety of Asian massage and scrub therapies which use ONLY organic and natural products. Our therapists are very well-trained and have years of experience…,https://www.tripadvisor.com/Attraction_Review-g298460-d14130744-Reviews-Balai_Oriental_Massage_and_Wellness_Spa-Cebu_City_Cebu_Island_Visayas.html,90
TripAdvisor,Queen's Island Golf and Resort,Golf Courses,3.8,4,,,,"Located in the northern part of Cebu,has a view of the sea from the front of the room,and the green grass on the golf course gives the guest a relaxing moment.Facilities include a swimming pool,where…",https://www.tripadvisor.com/Attraction_Review-g298460-d12318146-Reviews-Queen_s_Island_Golf_and_Resort-Cebu_City_Cebu_Island_Visayas.html,90
TripAdvisor,Cebu Rental Motorbikes Services,Gear Rentals,4.8,16,,,,We are the motorbike rental company in Cebu city. We are located at N. Escario st cor Osmena boulevard. It’s just across Cebu Provincial Capitol. We offer Competitive rates and the Best customer service…,https://www.tripadvisor.com/Attraction_Review-g298460-d13559334-Reviews-Cebu_Rental_Motorbikes_Services-Cebu_City_Cebu_Island_Visayas.html,120
TripAdvisor,AyalaMalls Central Bloc Cinema,Movie Theaters,5.0,2,,,,,https://www.tripadvisor.com/Attraction_Review-g298460-d20023610-Reviews-AyalaMalls_Central_Bloc_Cinema-Cebu_City_Cebu_Island_Visayas.html,120
TripAdvisor,Lotus Disco Bar,Bars & Clubs • Dance Clubs & Discos,3.3,7,,,,,https://www.tripadvisor.com/Attraction_Review-g298460-d5989598-Reviews-Lotus_Disco_Bar-Cebu_City_Cebu_Island_Visayas.html,120
TripAdvisor,Big Q Farm,Horseback Riding Tours,5.0,4,,,,,https://www.tripadvisor.com/Attraction_Review-g298460-d13328635-Reviews-Big_Q_Farm-Cebu_City_Cebu_Island_Visayas.html,120
TripAdvisor,Kenkou Massage & Spa,Spas,5.0,2,,,,Great theraphy like no other,https://www.tripadvisor.com/Attraction_Review-g298460-d14926401-Reviews-Kenkou_Massage_Spa-Cebu_City_Cebu_Island_Visayas.html,120
TripAdvisor,Chabad Of The Philippines - Cebu,Religious Sites,,,,,,,https://www.tripadvisor.com/Attraction_Review-g298460-d33011664-Reviews-Chabad_Of_The_Philippines_Cebu-Cebu_City_Cebu_Island_Visayas.html,120
TripAdvisor,K1 Family KTV,Bars & Clubs • Karaoke Bars,3.3,6,,,,,https://www.tripadvisor.com/Attraction_Review-g298460-d10736951-Reviews-K1_Family_KTV-Cebu_City_Cebu_Island_Visayas.html,120
TripAdvisor,Healing Soo Spa,Spas,4.7,3,,,,"Newly open with well-trained therapists. You can relax your body with our massage services. We use aroma oil only. Very affordable price, friendly staff, and clean beddings that will make you satisfied…",https://www.tripadvisor.com/Attraction_Review-g298460-d26679742-Reviews-Healing_Soo_Spa-Cebu_City_Cebu_Island_Visayas.html,120
TripAdvisor,ANTHILL Fabric Gallery,Speciality & Gift Shops,4.8,15,,,,ANTHILL (Alternative Nest and Trading/ Training Hub for Indigenous/ Ingenious Little Livelihood seekers) Fabric Gallery is a social and cultural enterprise that works to preserve and promote our Philippine…,https://www.tripadvisor.com/Attraction_Review-g298460-d6523185-Reviews-ANTHILL_Fabric_Gallery-Cebu_City_Cebu_Island_Visayas.html,120
TripAdvisor,Club Tipsy Super Club,Bars & Clubs,5.0,1,,,,Night Club with VIP bottle Service and Live performances,https://www.tripadvisor.com/Attraction_Review-g298460-d26637526-Reviews-Club_Tipsy_Super_Club-Cebu_City_Cebu_Island_Visayas.html,120
TripAdvisor,Pawns & Pixels Cafe,Game & Entertainment Centers,,,,,,Board game cafe in Cebu City,https://www.tripadvisor.com/Attraction_Review-g298460-d27102940-Reviews-Pawns_Pixels_Cafe-Cebu_City_Cebu_Island_Visayas.html,120
TripAdvisor,Sage Health Spa,Spas,5.0,2,,,,,https://www.tripadvisor.com/Attraction_Review-g298460-d31960756-Reviews-Sage_Health_Spa-Cebu_City_Cebu_Island_Visayas.html,120
TripAdvisor,Backstreet Academy Cebu,Lessons & Workshops,4.9,26,,,,"Explore Filipino culture through our exclusive collection of travel experiences - learn to weave, sign up for Eskrima and even play the Ukelele. The backstreets offer the richest interaction with …",https://www.tripadvisor.com/Attraction_Review-g298460-d10209569-Reviews-Backstreet_Academy_Cebu-Cebu_City_Cebu_Island_Visayas.html,120
TripAdvisor,L'Ananabar,Bars & Clubs,4.3,6,,,,French sport bar with a french bartender!,https://www.tripadvisor.com/Attraction_Review-g298460-d7603059-Reviews-L_Ananabar-Cebu_City_Cebu_Island_Visayas.html,120
TripAdvisor,Cebu Tours,City Tours • Shark Diving,4.5,735,,,,"offers a very affordable day tour packages in Cebu City, Bohol, and Cebu provinces including Oslob, Moalboal, Badian, and even Kalanggaman Island in Leyte for both local and foreign tourists. We also…",https://www.tripadvisor.com/Attraction_Review-g298460-d7745927-Reviews-Cebu_Tours-Cebu_City_Cebu_Island_Visayas.html,120
TripAdvisor,Trademark Cebu,Bars & Clubs,5.0,1,,,,"Trademark Cebu is one of the best nightlife locations in Cebu. Specializing in Hip hop, R&B, and Trap music, Trademark is designed for those who are looking for amazing music, warm ambiance, and the…",https://www.tripadvisor.com/Attraction_Review-g298460-d25289743-Reviews-Trademark_Cebu-Cebu_City_Cebu_Island_Visayas.html,120
TripAdvisor,Plaza Hamabar,Monuments & Statues,,,,,,,https://www.tripadvisor.com/Attraction_Review-g298460-d17491082-Reviews-Plaza_Hamabar-Cebu_City_Cebu_Island_Visayas.html,120
TripAdvisor,Cebu Archdiocesan Shrine of San Roque,Churches & Cathedrals,,,,,,,https://www.tripadvisor.com/Attraction_Review-g298460-d27917538-Reviews-Cebu_Archdiocesan_Shrine_of_San_Roque-Cebu_City_Cebu_Island_Visayas.html,120
TripAdvisor,Hello Movie House & Family KTV,Karaoke Bars,3.3,3,,,,,https://www.tripadvisor.com/Attraction_Review-g298460-d19650749-Reviews-Hello_Movie_House_Family_KTV-Cebu_City_Cebu_Island_Visayas.html,120
TripAdvisor,Ayala Center,Shopping Malls,,,,,,,https://www.tripadvisor.com/Attraction_Review-g298460-d33739156-Reviews-Ayala_Center-Cebu_City_Cebu_Island_Visayas.html,120
TripAdvisor,Let's Relax Beauty Lounge & Spa,Spas,5.0,5,,,,"If you are looking for Safe and Clean and Good Services, you will never wrong go here! Affordable Price! Guaranteed Effects!",https://www.tripadvisor.com/Attraction_Review-g298460-d17600150-Reviews-Let_s_Relax_Beauty_Lounge_Spa-Cebu_City_Cebu_Island_Visayas.html,120
TripAdvisor,Baan Khun Thai House of Traditional Massage,Spas,4.4,8,,,,,https://www.tripadvisor.com/Attraction_Review-g298460-d12615794-Reviews-Baan_Khun_Thai_House_of_Traditional_Massage-Cebu_City_Cebu_Island_Visayas.html,120
TripAdvisor,SM Bowling and Leisure Center,Bowling Alleys • Sports Complexes,,,,,,,https://www.tripadvisor.com/Attraction_Review-g298460-d10672946-Reviews-SM_Bowling_and_Leisure_Center-Cebu_City_Cebu_Island_Visayas.html,120
TripAdvisor,Tina Massage,Spas,4.5,12,,,,"Business is all about the customer: what the customer wants and what they get. Generally, every customer wants a product or service that solves their problem, worth their money, and is delivered with…",https://www.tripadvisor.com/Attraction_Review-g298460-d16708556-Reviews-Tina_Massage-Cebu_City_Cebu_Island_Visayas.html,120
TripAdvisor,Chamber KTV,Karaoke Bars,5.0,3,,,,"Chamber KTV by Bad Boys Wingz offers a premier karaoke and dining experience in Cebu. Perfect for corporate events, celebrations, and casual gatherings, we provide private KTV rooms, premium sound…",https://www.tripadvisor.com/Attraction_Review-g298460-d32981137-Reviews-Chamber_KTV-Cebu_City_Cebu_Island_Visayas.html,120
TripAdvisor,The Spa at Cebu Ayala,Spas,2.7,39,,,,,https://www.tripadvisor.com/Attraction_Review-g298460-d7606020-Reviews-The_Spa_at_Cebu_Ayala-Cebu_City_Cebu_Island_Visayas.html,120
TripAdvisor,Wellnessland Health Institute,Health Clubs • Lessons & Workshops,5.0,5,,,,"Wellnessland Health Institute is Cebu's most integrated holistic healing center. Within the facility is a boutique hostel(a member of Veggie Hotels), a vegetarian cafe and restaurant, an integrative…",https://www.tripadvisor.com/Attraction_Review-g298460-d12124825-Reviews-Wellnessland_Health_Institute-Cebu_City_Cebu_Island_Visayas.html,120
TripAdvisor,Tagay Bar & Kuys Club,Gay Bars,,,,,,,https://www.tripadvisor.com/Attraction_Review-g298460-d28247003-Reviews-Tagay_Bar_Kuys_Club-Cebu_City_Cebu_Island_Visayas.html,120
TripAdvisor,Camiluz Enterprises,Speciality & Gift Shops • Factory Outlets,,,,,,,https://www.tripadvisor.com/Attraction_Review-g298460-d14759779-Reviews-Camiluz_Enterprises-Cebu_City_Cebu_Island_Visayas.html,120
TripAdvisor,Siyam Art Souvenirs,Speciality & Gift Shops,5.0,6,,,,,https://www.tripadvisor.com/Attraction_Review-g298460-d32880555-Reviews-Siyam_Art_Souvenirs-Cebu_City_Cebu_Island_Visayas.html,150
TripAdvisor,Zoomers Blacklight Mini Golf,Game & Entertainment Centers,1.0,1,,,,"Brand new place. They just had their opening where entry was free. This is a indoor golf course, nine holes, all under black lights. There are many animated things along the course. Somewhat like …",https://www.tripadvisor.com/Attraction_Review-g298460-d1456164-Reviews-Zoomers_Blacklight_Mini_Golf-Cebu_City_Cebu_Island_Visayas.html,150
TripAdvisor,Island Water,Ferries,,,,,,,https://www.tripadvisor.com/Attraction_Review-g298460-d19275117-Reviews-Island_Water-Cebu_City_Cebu_Island_Visayas.html,150
TripAdvisor,NUAT THAI Persimmon,Spas,4.0,27,,,,,https://www.tripadvisor.com/Attraction_Review-g298460-d6680398-Reviews-NUAT_THAI_Persimmon-Cebu_City_Cebu_Island_Visayas.html,150
TripAdvisor,Oslob Whale Sharks,Scuba & Snorkelling • Shark Diving,4.5,84,,,,,https://www.tripadvisor.com/Attraction_Review-g298460-d9779635-Reviews-Oslob_Whale_Sharks-Cebu_City_Cebu_Island_Visayas.html,150
TripAdvisor,The Forest Spa Cebu,Spas,3.0,2,,,,"Cebu City's # 1 Place FOR REST Brand New Facility, Luxury Spa, Trendy Cafe",https://www.tripadvisor.com/Attraction_Review-g298460-d24167952-Reviews-The_Forest_Spa_Cebu-Cebu_City_Cebu_Island_Visayas.html,150
TripAdvisor,ChamberKTV,Karaoke Bars,5.0,1,,,,Karaoke place inside Ayala Center Cebu,https://www.tripadvisor.com/Attraction_Review-g298460-d26315972-Reviews-ChamberKTV-Cebu_City_Cebu_Island_Visayas.html,150
TripAdvisor,CSP Travel & Tours,City Tours • Scuba & Snorkelling,4.6,103,,,,,https://www.tripadvisor.com/Attraction_Review-g298460-d11706035-Reviews-CSP_Travel_Tours-Cebu_City_Cebu_Island_Visayas.html,150
TripAdvisor,Mactan Island Golf Course,Golf Courses,,,,,,,https://www.tripadvisor.com/Attraction_Review-g298460-d26769140-Reviews-Mactan_Island_Golf_Course-Cebu_City_Cebu_Island_Visayas.html,150
TripAdvisor,Island Water Fast Craft,Ferries,,,,,,,https://www.tripadvisor.com/Attraction_Review-g298460-d19275119-Reviews-Island_Water_Fast_Craft-Cebu_City_Cebu_Island_Visayas.html,150
TripAdvisor,Tshupa,Gay Bars,,,,,,,https://www.tripadvisor.com/Attraction_Review-g298460-d32701355-Reviews-Tshupa-Cebu_City_Cebu_Island_Visayas.html,150
TripAdvisor,Cebu Rent-a-Van & Tours,Taxis & Shuttles,5.0,3,,,,"“TRAVEL WITHOUT HASSLE AND AFFORDABLE.” This is what we believe the most important part in traveling. With that, CEBU RENT-A-VAN & TOURS provide great services and affordable rates for guests’ transports…",https://www.tripadvisor.com/Attraction_Review-g298460-d15288319-Reviews-Cebu_Rent_a_Van_Tours-Cebu_City_Cebu_Island_Visayas.html,150
TripAdvisor,Social Media Manager,Parks,,,,,,,https://www.tripadvisor.com/Attraction_Review-g298460-d27467732-Reviews-Social_Media_Manager-Cebu_City_Cebu_Island_Visayas.html,150
TripAdvisor,Lyrics KTV and PIZZA,Bars & Clubs • Karaoke Bars,3.5,2,,,,,https://www.tripadvisor.com/Attraction_Review-g298460-d17720077-Reviews-Lyrics_KTV_and_PIZZA-Cebu_City_Cebu_Island_Visayas.html,150
TripAdvisor,Citigym,Spas,3.3,4,,,,,https://www.tripadvisor.com/Attraction_Review-g298460-d6105425-Reviews-Citigym-Cebu_City_Cebu_Island_Visayas.html,150
TripAdvisor,Sky Experience Adventure,Adrenaline & Extreme Tours,4.1,350,,,,This place is temporarily closed,https://www.tripadvisor.com/Attraction_Review-g298460-d1724990-Reviews-Sky_Experience_Adventure-Cebu_City_Cebu_Island_Visayas.html,150
TripAdvisor,RC Cebu Transport & Tours,Taxis & Shuttles,4.5,8,,,,"I am Christine, And I live in Australia for 30 years. And now i am back and living here in Cebu. I would like to show the world how beautiful Cebu is, I have a passion of travelling and I would like…",https://www.tripadvisor.com/Attraction_Review-g298460-d18902594-Reviews-RC_Cebu_Transport_Tours-Cebu_City_Cebu_Island_Visayas.html,150
TripAdvisor,MEGA Therapeutic and Wellness Center,Spas,4.3,6,,,,,https://www.tripadvisor.com/Attraction_Review-g298460-d7321336-Reviews-MEGA_Therapeutic_and_Wellness_Center-Cebu_City_Cebu_Island_Visayas.html,150
TripAdvisor,Music 9 Family KTV,Karaoke Bars,4.0,1,,,,,https://www.tripadvisor.com/Attraction_Review-g298460-d10895166-Reviews-Music_9_Family_KTV-Cebu_City_Cebu_Island_Visayas.html,150
TripAdvisor,SM Seaside City Cebu Cinema,Movie Theaters,5.0,1,,,,,https://www.tripadvisor.com/Attraction_Review-g298460-d20034663-Reviews-SM_Seaside_City_Cebu_Cinema-Cebu_City_Cebu_Island_Visayas.html,150
TripAdvisor,Kultura Filipino - SM Seaside City Cebu,Speciality & Gift Shops,,,,,,"Kultura is the shop for all things Filipino. Kultura showcases local artistry and craftsmanship, bringing together specialties from all over the Philippines for a unique shopping experience. Discover…",https://www.tripadvisor.com/Attraction_Review-g298460-d27132521-Reviews-Kultura_Filipino_SM_Seaside_City_Cebu-Cebu_City_Cebu_Island_Visayas.html,150
TripAdvisor,Sparadise Body And Foot Message,Spas,5.0,2,,,,,https://www.tripadvisor.com/Attraction_Review-g298460-d25067705-Reviews-Sparadise_Body_And_Foot_Message-Cebu_City_Cebu_Island_Visayas.html,150
TripAdvisor,Fun Group Cebu,Adrenaline & Extreme Tours • Nature & Wildlife Tours,4.8,200,,,,"We are a tourist entertainment company, offering tours & activities in Cebu and Mactan Island and Bohol Island.",https://www.tripadvisor.com/Attraction_Review-g298460-d19886451-Reviews-Fun_Group_Cebu-Cebu_City_Cebu_Island_Visayas.html,150
TripAdvisor,Cebu Taxi Driver,Taxis & Shuttles,3.0,2,,,,"Cebu Taxi Driver, established in 2016, offers a comprehensive transportation solution in Cebu City. From taxis and vans to airport shuttles and minibus services, they cater to various travel needs…",https://www.tripadvisor.com/Attraction_Review-g298460-d24107336-Reviews-Cebu_Taxi_Driver-Cebu_City_Cebu_Island_Visayas.html,150
TripAdvisor,Kultura Filipino - SM City Cebu,Speciality & Gift Shops,1.0,1,,,,"Kultura is the shop for all things Filipino. Kultura showcases local artistry and craftsmanship, bringing together specialties from all over the Philippines for a unique shopping experience. Discover…",https://www.tripadvisor.com/Attraction_Review-g298460-d27132365-Reviews-Kultura_Filipino_SM_City_Cebu-Cebu_City_Cebu_Island_Visayas.html,150
TripAdvisor,Badian Canyoneering,Water Sports,4.9,49,,,,Canyoneering is the second most popular tour (next to whale shark watching in Oslob) in Cebu become extremely popular after it was featured at the TV show “Biyahe ni Drew” and was rated as one of …,https://www.tripadvisor.com/Attraction_Review-g298460-d11741592-Reviews-Badian_Canyoneering-Cebu_City_Cebu_Island_Visayas.html,150
TripAdvisor,Cebu Coliseum,Theater & Performances,3.0,2,,,,,https://www.tripadvisor.com/Attraction_Review-g298460-d4297013-Reviews-Cebu_Coliseum-Cebu_City_Cebu_Island_Visayas.html,150
TripAdvisor,Philippine Mermaid Swimming Academy Cebu,Sports Camps & Clinics,5.0,3,,,,"From Boracay, Manila to Cebu, the 1st mermaid-ing school in the world shares our love of the water & our fins with you. Discover your inner fin! Be a Mermaid now!",https://www.tripadvisor.com/Attraction_Review-g298460-d10948209-Reviews-Philippine_Mermaid_Swimming_Academy_Cebu-Cebu_City_Cebu_Island_Visayas.html,150
TripAdvisor,Hazel's Massage and Nail Spa Cebu,Spas,5.0,2,,,,,https://www.tripadvisor.com/Attraction_Review-g298460-d26790184-Reviews-Hazel_s_Massage_and_Nail_Spa_Cebu-Cebu_City_Cebu_Island_Visayas.html,150
TripAdvisor,El Cielo Organic Spa & Villa,Spas,4.5,2,,,,,https://www.tripadvisor.com/Attraction_Review-g298460-d9714998-Reviews-El_Cielo_Organic_Spa_Villa-Cebu_City_Cebu_Island_Visayas.html,150
TripAdvisor,Avalon Spa Wellness and Massage,Spas,4.1,8,,,,"At Avalon wellness and massage spa, we offer a range of treatments including body massage, nail care, skin care, eyelash extension and waxing services.",https://www.tripadvisor.com/Attraction_Review-g298460-d11039328-Reviews-Avalon_Spa_Wellness_and_Massage-Cebu_City_Cebu_Island_Visayas.html,180
TripAdvisor,Wagas Ukuleles Cebu Philippines,Speciality & Gift Shops,5.0,1,,,,,https://www.tripadvisor.com/Attraction_Review-g298460-d23433044-Reviews-Wagas_Ukuleles_Cebu_Philippines-Cebu_City_Cebu_Island_Visayas.html,180
TripAdvisor,Body and Sole Boutique Spa,Spas,4.3,3,,,,"Welcome to your discreet & cosy retreat in Cebu, Body & Sole Boutique Spa situated at Mabolo Garden Flats, Tres Borces Padres Street in Mabolo, Cebu City. We offer nail art, manicure, pedicure, body…",https://www.tripadvisor.com/Attraction_Review-g298460-d12172123-Reviews-Body_and_Sole_Boutique_Spa-Cebu_City_Cebu_Island_Visayas.html,180
TripAdvisor,Go Lokal,Speciality & Gift Shops,,,,,,"Go Lokal Ayala Center Cebu is one of over 100 Go Lokal retail outlets in the Philippines. A project of the Department of Trade and industry, Go Lokal is a FREE market access platform for hundreds …",https://www.tripadvisor.com/Attraction_Review-g298460-d17767152-Reviews-Go_Lokal-Cebu_City_Cebu_Island_Visayas.html,180
TripAdvisor,티나마사지,Spas • Thermal Spas,,,,,,,https://www.tripadvisor.com/Attraction_Review-g298460-d15890519-Reviews-Cebu_City_Cebu_Island_Visayas.html,180
TripAdvisor,Prana Medispa,Spas,3.1,7,,,,,https://www.tripadvisor.com/Attraction_Review-g298460-d9826723-Reviews-Prana_Medispa-Cebu_City_Cebu_Island_Visayas.html,180
TripAdvisor,Hel-An Thai Massage and Spa,Spas,4.0,1,,,,,https://www.tripadvisor.com/Attraction_Review-g298460-d19987869-Reviews-Hel_An_Thai_Massage_and_Spa-Cebu_City_Cebu_Island_Visayas.html,180
TripAdvisor,Crossfit Pintados,Spas,5.0,3,,,,,https://www.tripadvisor.com/Attraction_Review-g298460-d6981106-Reviews-Crossfit_Pintados-Cebu_City_Cebu_Island_Visayas.html,180
TripAdvisor,Apex Super Club,Bars & Clubs,,,,,,,https://www.tripadvisor.com/Attraction_Review-g298460-d27949123-Reviews-Apex_Super_Club-Cebu_City_Cebu_Island_Visayas.html,180
TripAdvisor,Hey Joe,Bars & Clubs,3.0,1,,,,,https://www.tripadvisor.com/Attraction_Review-g298460-d11665959-Reviews-Hey_Joe-Cebu_City_Cebu_Island_Visayas.html,180
TripAdvisor,Lajaba,Bars & Clubs • Gay Bars,,,,,,,https://www.tripadvisor.com/Attraction_Review-g298460-d32987258-Reviews-Lajaba-Cebu_City_Cebu_Island_Visayas.html,180
TripAdvisor,Grand Royal Spa,Spas,3.0,1,,,,,https://www.tripadvisor.com/Attraction_Review-g298460-d13373345-Reviews-Grand_Royal_Spa-Cebu_City_Cebu_Island_Visayas.html,180
TripAdvisor,Ralfe Gourmet Casa de Cacao,Speciality & Gift Shops,5.0,1,,,,,https://www.tripadvisor.com/Attraction_Review-g298460-d19049367-Reviews-Ralfe_Gourmet_Casa_de_Cacao-Cebu_City_Cebu_Island_Visayas.html,180
TripAdvisor,Dear Paper Designs,Speciality & Gift Shops,,,,,,We house stationery and lifestyle products by over 35 local artists and brands.,https://www.tripadvisor.com/Attraction_Review-g298460-d20767883-Reviews-Dear_Paper_Designs-Cebu_City_Cebu_Island_Visayas.html,180
TripAdvisor,Saferide Car Rental,City Tours • Taxis & Shuttles,4.5,155,,,,"Discover the Adventure with Saferide Car Rental Cebu! Explore Cebu's scenic wonders with our self-drive, chauffeur-driven, tour, and motorcycle rental options. For independent explorers, our self-…",https://www.tripadvisor.com/Attraction_Review-g298460-d7606206-Reviews-Saferide_Car_Rental-Cebu_City_Cebu_Island_Visayas.html,180
TripAdvisor,SuperCat Fast Ferry,Sightseeing Tours,3.4,150,,,,,https://www.tripadvisor.com/Attraction_Review-g298460-d1603324-Reviews-SuperCat_Fast_Ferry-Cebu_City_Cebu_Island_Visayas.html,180
TripAdvisor,Anytime Fitness Cebu Business Park,Health Clubs,2.0,2,,,,,https://www.tripadvisor.com/Attraction_Review-g298460-d33269643-Reviews-Anytime_Fitness_Cebu_Business_Park-Cebu_City_Cebu_Island_Visayas.html,180
TripAdvisor,Citi Van Service (CITI CARS Service),Taxis & Shuttles,4.0,4,,,,,https://www.tripadvisor.com/Attraction_Review-g298460-d8071893-Reviews-Citi_Van_Service_CITI_CARS_Service-Cebu_City_Cebu_Island_Visayas.html,180
TripAdvisor,Plumeria Pasalubong Shop,Speciality & Gift Shops,5.0,1,,,,"Plumeria Pasalubong Shop is your go-to destination for affordable and quality local/foreign souvenirs. We offer a variety of souvenirs such as slippers, bags, magnets, and popular snacks—perfect for…",https://www.tripadvisor.com/Attraction_Review-g298460-d33502682-Reviews-Plumeria_Pasalubong_Shop-Cebu_City_Cebu_Island_Visayas.html,180
TripAdvisor,Nuat Thai,Spas,2.3,3,,,,,https://www.tripadvisor.com/Attraction_Review-g298460-d13523480-Reviews-Nuat_Thai-Cebu_City_Cebu_Island_Visayas.html,180
TripAdvisor,Lfp Tours & Transportation Services,Public Transportation Systems,,,,,,,https://www.tripadvisor.com/Attraction_Review-g298460-d28691500-Reviews-Lfp_Tours_Transportation_Services-Cebu_City_Cebu_Island_Visayas.html,180
TripAdvisor,Ananda Marga Yoga Center,Yoga & Pilates,,,,,,,https://www.tripadvisor.com/Attraction_Review-g298460-d15073310-Reviews-Ananda_Marga_Yoga_Center-Cebu_City_Cebu_Island_Visayas.html,180
TripAdvisor,Forever Young Spa,Spas,,,,,,,https://www.tripadvisor.com/Attraction_Review-g298460-d26246006-Reviews-Forever_Young_Spa-Cebu_City_Cebu_Island_Visayas.html,180
TripAdvisor,Crown Regency 4D Theater,Movie Theaters,2.2,15,,,,,https://www.tripadvisor.com/Attraction_Review-g298460-d4079993-Reviews-Crown_Regency_4D_Theater-Cebu_City_Cebu_Island_Visayas.html,180
TripAdvisor,Viking Japinoy Rentals,Gear Rentals,4.0,1,,,,,https://www.tripadvisor.com/Attraction_Review-g298460-d29010699-Reviews-Viking_Japinoy_Rentals-Cebu_City_Cebu_Island_Visayas.html,180
TripAdvisor,LaundryBords,Scavenger Hunts,,,,,,High Quality Laundry Services with standard handling and proper training of employees managed by MBC Group,https://www.tripadvisor.com/Attraction_Review-g298460-d20421062-Reviews-LaundryBords-Cebu_City_Cebu_Island_Visayas.html,180
TripAdvisor,Philippines Divers,Parasailing & Paragliding • Multi-day Tours,4.0,108,,,,"We, Philippines Divers are specialized in Snorkeling, Diving and Island Hopping Excursions in the destinations of Boracay, Cebu, Coron, El Nido and Siargao island.",https://www.tripadvisor.com/Attraction_Review-g298460-d25045487-Reviews-Philippines_Divers-Cebu_City_Cebu_Island_Visayas.html,180
TripAdvisor,Arcus Empire Vape Shop It Park,Speciality & Gift Shops,1.0,1,,,,,https://www.tripadvisor.com/Attraction_Review-g298460-d19941715-Reviews-Arcus_Empire_Vape_Shop_It_Park-Cebu_City_Cebu_Island_Visayas.html,180
TripAdvisor,Moonshade Massage,Spas,,,,,,,https://www.tripadvisor.com/Attraction_Review-g298460-d13478463-Reviews-Moonshade_Massage-Cebu_City_Cebu_Island_Visayas.html,180
TripAdvisor,Ton Ton Massage,Spas,1.0,1,,,,,https://www.tripadvisor.com/Attraction_Review-g298460-d8867276-Reviews-Ton_Ton_Massage-Cebu_City_Cebu_Island_Visayas.html,180
TripAdvisor,AES Van Rentals,Taxis & Shuttles,4.5,6,,,,"affordable van rental service We have affordable van rental service in Cebu, we can offer different tourist attraction anywhere in Cebu",https://www.tripadvisor.com/Attraction_Review-g298460-d18543230-Reviews-AES_Van_Rentals-Cebu_City_Cebu_Island_Visayas.html,210
TripAdvisor,Nailplay,Spas,5.0,1,,,,"Welcome to Nailplay! We are a Filipino luxury and boutique Nailspa located in the heart of the city. Our relaxing landscaping, koi fish pond and our five star service makes us a unique experience. …",https://www.tripadvisor.com/Attraction_Review-g298460-d19084285-Reviews-Nailplay-Cebu_City_Cebu_Island_Visayas.html,210
TripAdvisor,RC Motorental Cebu,Gear Rentals,,,,,,,https://www.tripadvisor.com/Attraction_Review-g298460-d28048152-Reviews-RC_Motorental_Cebu-Cebu_City_Cebu_Island_Visayas.html,210
TripAdvisor,Summit Recovery Cebu,Health Clubs • Spas,,,,,,,https://www.tripadvisor.com/Attraction_Review-g298460-d34025837-Reviews-Summit_Recovery_Cebu-Cebu_City_Cebu_Island_Visayas.html,210
TripAdvisor,Bugoy Bikers,Bike Tours,4.7,89,,,,"Mountain biking tours and Outdoor Tours in the Visayas; Day tours weekend tours and longer trips around the Visayas. Join our classic 14 day bike tour or just experience Cebu, Bohol or Camotes on …",https://www.tripadvisor.com/Attraction_Review-g298460-d2558151-Reviews-Bugoy_Bikers-Cebu_City_Cebu_Island_Visayas.html,210
TripAdvisor,Kultura Filipino,Speciality & Gift Shops,,,,,,"Kultura is the shop for all things Filipino. Kultura showcases local artistry and craftsmanship, bringing together specialties from all over the Philippines for a unique shopping experience. Discover…",https://www.tripadvisor.com/Attraction_Review-g298460-d27150490-Reviews-Kultura_Filipino-Cebu_City_Cebu_Island_Visayas.html,210
TripAdvisor,Happy Juanderer Travel,Canyoning & Rappelling Tours • Sightseeing Tours,4.9,171,,,,"Happy Juanderer Travel, a forward thinking eco-tourism and adventure specialist in the Philippines is taking visionary steps to set bold new changes in the the Philippines with focus on Cebu and Central…",https://www.tripadvisor.com/Attraction_Review-g298460-d10643409-Reviews-Happy_Juanderer_Travel-Cebu_City_Cebu_Island_Visayas.html,210
TripAdvisor,LFP Tours & Transportation Services,Public Transportation Systems,,,,,,,https://www.tripadvisor.com/Attraction_Review-g298460-d28704170-Reviews-LFP_Tours_Transportation_Services-Cebu_City_Cebu_Island_Visayas.html,210
TripAdvisor,Olvis Immigration and Travel,Taxis & Shuttles,1.0,2,,,,Olvis is an accredited immigration and travel services company with an office in the Philippines and a document center in the USA. We offer comprehensive and personalized assistance to American citizens…,https://www.tripadvisor.com/Attraction_Review-g298460-d17380306-Reviews-Olvis_Immigration_and_Travel-Cebu_City_Cebu_Island_Visayas.html,210
TripAdvisor,Mich & Myl Nails SM Seaside City Cebu,Spas,,,,,,,https://www.tripadvisor.com/Attraction_Review-g298460-d26851149-Reviews-Mich_Myl_Nails_SM_Seaside_City_Cebu-Cebu_City_Cebu_Island_Visayas.html,210
TripAdvisor,Kyro Spa,Sports Camps & Clinics,,,,,,"We offer premium full body massage at the comfort of your own home, hotel or office within Cebu City",https://www.tripadvisor.com/Attraction_Review-g298460-d16770253-Reviews-Kyro_Spa-Cebu_City_Cebu_Island_Visayas.html,210
TripAdvisor,Cebu Travel Agency,City Tours • Canyoning & Rappelling Tours,5.0,7,,,,Cebu Travel Agency is local Cebu Tour Operator and have been in the industry for more than 18 years.,https://www.tripadvisor.com/Attraction_Review-g298460-d15903040-Reviews-Cebu_Travel_Agency-Cebu_City_Cebu_Island_Visayas.html,210
TripAdvisor,Travel Cebu,Multi-day Tours • Canyoning & Rappelling Tours,4.6,21,,,,"Travel Cebu offers the best and hassle-free tour packages in Cebu - Swim with the Whale Sharks, Canyoneering Adventure, Kawasan Falls, Island Hopping, City Tour, Etc... TC staffs serve and guide you…",https://www.tripadvisor.com/Attraction_Review-g298460-d13342952-Reviews-Travel_Cebu-Cebu_City_Cebu_Island_Visayas.html,210
TripAdvisor,Jpo Travel Services,City Tours • Scuba & Snorkelling,5.0,29,,,,,https://www.tripadvisor.com/Attraction_Review-g298460-d33322461-Reviews-Jpo_Travel_Services-Cebu_City_Cebu_Island_Visayas.html,210
TripAdvisor,Cebu Motorbike And Car Rentals,Gear Rentals,5.0,1,,,,,https://www.tripadvisor.com/Attraction_Review-g298460-d27517362-Reviews-Cebu_Motorbike_And_Car_Rentals-Cebu_City_Cebu_Island_Visayas.html,210
TripAdvisor,Cebu Trip Tours,City Tours • Multi-day Tours,4.2,61,,,,"Cebu Trip Tours is a premier tour operator in Philippines providing tours around Cebu, Bohol and Dumaguete ! We have varieties of tours and activities and tickets. We offer shared and private tours…",https://www.tripadvisor.com/Attraction_Review-g298460-d12103689-Reviews-Cebu_Trip_Tours-Cebu_City_Cebu_Island_Visayas.html,210
TripAdvisor,Divaishnavi Travel & Tours,Boat Tours • Sightseeing Tours,4.5,65,,,,"Divaishnavi is your go-to tour operator for fun moments in Cebu and even beyond. With over 2 decades of hospitality and industry experience, we will continuously search and create memorable adventures…",https://www.tripadvisor.com/Attraction_Review-g298460-d12262811-Reviews-Divaishnavi_Travel_Tours-Cebu_City_Cebu_Island_Visayas.html,210
TripAdvisor,Thai Boran Marigondon,Spas,1.0,1,,,,,https://www.tripadvisor.com/Attraction_Review-g298460-d26498940-Reviews-Thai_Boran_Marigondon-Cebu_City_Cebu_Island_Visayas.html,210
TripAdvisor,Cebu Rent A Bike,Gear Rentals,,,,,,,https://www.tripadvisor.com/Attraction_Review-g298460-d29010790-Reviews-Cebu_Rent_A_Bike-Cebu_City_Cebu_Island_Visayas.html,210
TripAdvisor,SmartRyde,Taxis & Shuttles,,,,,,"We are a Japanese company. We have 24 hours emergency contact, so please feel free to contact us when you have any problems. (WhatsApp, WeChat, LINE, Viber Kakao, Zalo) We are waiting for your reservation…",https://www.tripadvisor.com/Attraction_Review-g298460-d20481450-Reviews-SmartRyde-Cebu_City_Cebu_Island_Visayas.html,210
TripAdvisor,PH Kawasan Canyoneering,Cultural Tours • Canyoning & Rappelling Tours,4.9,32,,,,"We specialize in organizing and facilitating travel experiences for individuals or groups visiting Cebu. We offer a wide range of services such as arranging transportation, planning itineraries, and…",https://www.tripadvisor.com/Attraction_Review-g298460-d26327986-Reviews-PH_Kawasan_Canyoneering-Cebu_City_Cebu_Island_Visayas.html,210
TripAdvisor,Cebu Airport Transfer,Taxis & Shuttles,2.0,2,,,,,https://www.tripadvisor.com/Attraction_Review-g298460-d15887080-Reviews-Cebu_Airport_Transfer-Cebu_City_Cebu_Island_Visayas.html,210
TripAdvisor,Hukas Divers,Scuba & Snorkelling • Boat Tours,5.0,79,,,,"Hukas Divers is a community of dive enthusiasts. Our experienced dive instructors and divemasters specialize in concierge diving - personalized dive instruction, personalized dive tours and fun dives…",https://www.tripadvisor.com/Attraction_Review-g298460-d11038974-Reviews-Hukas_Divers-Cebu_City_Cebu_Island_Visayas.html,210
TripAdvisor,Abby Tattoo,Speciality & Gift Shops,,,,,,,https://www.tripadvisor.com/Attraction_Review-g298460-d27709201-Reviews-Abby_Tattoo-Cebu_City_Cebu_Island_Visayas.html,210
TripAdvisor,Rosa Traditional Spa,Spas,1.5,2,,,,,https://www.tripadvisor.com/Attraction_Review-g298460-d17672007-Reviews-Rosa_Traditional_Spa-Cebu_City_Cebu_Island_Visayas.html,210
TripAdvisor,Blu Range Cebu Tours & Cebu Tour Packages Cebu City Office,City Tours • Multi-day Tours,4.4,7,,,,Blu Range Tours is a Cebu travel agency and operator of Cebu Tours specializing in customized & private tours. We provide some of the best value travel & tour packages available. We take care of all…,https://www.tripadvisor.com/Attraction_Review-g298460-d25447929-Reviews-Blu_Range_Cebu_Tours_Cebu_Tour_Packages_Cebu_City_Office-Cebu_City_Cebu_Island_V.html,210
TripAdvisor,Oliva Massage and Spa,Spas,,,,,,,https://www.tripadvisor.com/Attraction_Review-g298460-d34113052-Reviews-Oliva_Massage_and_Spa-Cebu_City_Cebu_Island_Visayas.html,210
TripAdvisor,Cebu Blue Tours,City Tours • Cultural Tours,4.0,40,,,,"At Cebu Blue Tours, we offer private City and Day trip tours on the Island of Cebu, Philippines. Starting with our City Tours (3 to 4 hours duration) we offer Historical, Mountain and Street Food …",https://www.tripadvisor.com/Attraction_Review-g298460-d26327103-Reviews-Cebu_Blue_Tours-Cebu_City_Cebu_Island_Visayas.html,210
TripAdvisor,La Metisse,Spas,,,,,,,https://www.tripadvisor.com/Attraction_Review-g298460-d19445495-Reviews-La_Metisse-Cebu_City_Cebu_Island_Visayas.html,210
TripAdvisor,QuickTransfer,Taxis & Shuttles,1.0,1,,,,"Use a door to door transfer, a comfortable and hassle-free service that will allow you to enjoy your journey from the moment you arrive to the wonderful city of Cebu.",https://www.tripadvisor.com/Attraction_Review-g298460-d16674053-Reviews-QuickTransfer-Cebu_City_Cebu_Island_Visayas.html,240
TripAdvisor,Kohana by Colors and Peach,Spas,,,,,,,https://www.tripadvisor.com/Attraction_Review-g298460-d34084642-Reviews-Kohana_by_Colors_and_Peach-Cebu_City_Cebu_Island_Visayas.html,240
TripAdvisor,Evasion Tropicale,Multi-day Tours • Scuba & Snorkelling,4.4,11,,,,Evasion Tropicale est le résultat d’une alliance réussie entre les Philippines et la France qui a pour but de se faire découvrir à l’archipel des touristes désireux de visiter les destinations de …,https://www.tripadvisor.com/Attraction_Review-g298460-d15276760-Reviews-Evasion_Tropicale-Cebu_City_Cebu_Island_Visayas.html,240
TripAdvisor,JPark Marineboy Watersports Center,Scuba & Snorkelling,4.3,4,,,,Marineboy offers a good service with free welcome drinks. We offer the following sports: 1.Parasailing 2.Scuba Diving 3.Jetski 4.Band Wagun 5.Banana Boat 6.Island Hopping Tour 7.Sunset Hopping Tour…,https://www.tripadvisor.com/Attraction_Review-g298460-d11872962-Reviews-JPark_Marineboy_Watersports_Center-Cebu_City_Cebu_Island_Visayas.html,240
TripAdvisor,Reina Del Sur Transport,Taxis & Shuttles,,,,,,,https://www.tripadvisor.com/Attraction_Review-g298460-d33764172-Reviews-Reina_Del_Sur_Transport-Cebu_City_Cebu_Island_Visayas.html,240
TripAdvisor,Kagana Cebu Tours,City Tours • Cultural Tours,5.0,2,,,,Looking for affordable and reliable car & van rentals along with top-rated Cebu tour packages near you? Kagana Tours Inc. is your complete and budget-friendly travel solution.,https://www.tripadvisor.com/Attraction_Review-g298460-d15814201-Reviews-Kagana_Cebu_Tours-Cebu_City_Cebu_Island_Visayas.html,240
TripAdvisor,Travel Agency Easyways,City Tours • Cultural Tours,4.1,18,,,,We offer Tours for the whole Cebu Island and Bohol Island. Including whaleshark watching and waterfalls Canyoneering. Also includes a Historical and pictorial Tour on how religion was introduced to…,https://www.tripadvisor.com/Attraction_Review-g298460-d25413417-Reviews-Travel_Agency_Easyways-Cebu_City_Cebu_Island_Visayas.html,240
TripAdvisor,Cebu Island Hopping Tour,Boat Tours • Nature & Wildlife Tours,5.0,2,,,,Cebu Island Hopping Tour is a service tour offering day tour excursion in the islands of Mactan. Hop on a private cruise on your own private motorized boat and start the snorkeling session in Hilutungan…,https://www.tripadvisor.com/Attraction_Review-g298460-d15866744-Reviews-Cebu_Island_Hopping_Tour-Cebu_City_Cebu_Island_Visayas.html,240
TripAdvisor,South Shore Cebu Tours,Multi-day Tours • Walking Tours,4.4,7,,,,"Offering affordable Cebu Tour packages, we also costumize your Cebu tours including top destinations in Cebu South, City and Bohol tours. Our team is committed to give you a hassle free tours, affordable…",https://www.tripadvisor.com/Attraction_Review-g298460-d15613301-Reviews-South_Shore_Cebu_Tours-Cebu_City_Cebu_Island_Visayas.html,240
TripAdvisor,South Shore Cebu Travel and Tours,City Tours • Scuba & Snorkelling,3.4,5,,,,,https://www.tripadvisor.com/Attraction_Review-g298460-d15613812-Reviews-South_Shore_Cebu_Travel_and_Tours-Cebu_City_Cebu_Island_Visayas.html,240
TripAdvisor,mandin rhoel,Taxis & Shuttles,,,,,,creating a safe travel and tour -----------------------------------------------------------------------------------------------------,https://www.tripadvisor.com/Attraction_Review-g298460-d17585309-Reviews-Mandin_rhoel-Cebu_City_Cebu_Island_Visayas.html,240
TripAdvisor,Rides - Cebu Private Tours & Rental Cars,Private Tours • Day Trips,5.0,7,,,,"Your go-to for affordable and reliable car rentals and city tours package! Welcome to Route - Cebu Tours and Services! I’m Gee, a local tour guide who loves traveling and has a deep knowledge of Cebu…",https://www.tripadvisor.com/Attraction_Review-g298460-d28001443-Reviews-Rides_Cebu_Private_Tours_Rental_Cars-Cebu_City_Cebu_Island_Visayas.html,240
TripAdvisor,Cebu Island Tours - Day Tours,Canyoning & Rappelling Tours • Dolphin & Whale Watching,3.9,9,,,,"Cebu Island Tours is a provider of transportation and tour packages and arranges itineraries for the tours within Cebu province, Bohol, Negros Oriental and Siquijor province.",https://www.tripadvisor.com/Attraction_Review-g298460-d9722639-Reviews-Cebu_Island_Tours_Day_Tours-Cebu_City_Cebu_Island_Visayas.html,240
TripAdvisor,Travelite Travel and Tours,Sightseeing Tours,5.0,2,,,,"Established in 2006, Travelite Travel and Tours Co. is a full service travel, tour operator and destination management company which offers a wide array of services to cater the needs of travel connoisseurs…",https://www.tripadvisor.com/Attraction_Review-g298460-d2050148-Reviews-Travelite_Travel_and_Tours-Cebu_City_Cebu_Island_Visayas.html,240
TripAdvisor,Cebu Gaijin Travel & Tours,Multi-day Tours • Sightseeing Tours,5.0,4,,,,,https://www.tripadvisor.com/Attraction_Review-g298460-d32696342-Reviews-Cebu_Gaijin_Travel_Tours-Cebu_City_Cebu_Island_Visayas.html,240
TripAdvisor,dPond Cebu Fishing,Boat Tours,3.0,3,,,,,https://www.tripadvisor.com/Attraction_Review-g298460-d2414383-Reviews-DPond_Cebu_Fishing-Cebu_City_Cebu_Island_Visayas.html,240
TripAdvisor,CebuLocal Tours by Stephanie,"Bar, Club & Pub Tours • Multi-day Tours",5.0,2,,,,"CebuLocal has been with the Tourism Industry through the Withlocals site for more than 3 years now. Enjoy hassle free and customized trips and experiences good for solo, couple, family with kids or…",https://www.tripadvisor.com/Attraction_Review-g298460-d16802125-Reviews-CebuLocal_Tours_by_Stephanie-Cebu_City_Cebu_Island_Visayas.html,240
TripAdvisor,Iddo Inc.,Parasailing & Paragliding • City Tours,5.0,3,,,,"DOT-accredited Iddo Inc. (Triphappy.ph) curates unique Philippine tours, activities, & experiences. Explore the best of the islands with us!",https://www.tripadvisor.com/Attraction_Review-g298460-d32848171-Reviews-Iddo_Inc-Cebu_City_Cebu_Island_Visayas.html,240
TripAdvisor,Canyoneering Cebu Tours,Multi-day Tours • Nature & Wildlife Tours,5.0,3,,,,"We offer the most affordable and most safe Canyoneering in Kawasan Falls ( South of Cebu, Philippines ). We have the most able guides and the best private rides for you. We also offer other Cebu Philippines…",https://www.tripadvisor.com/Attraction_Review-g298460-d14788221-Reviews-Canyoneering_Cebu_Tours-Cebu_City_Cebu_Island_Visayas.html,240
TripAdvisor,Chrislann,Walking Tours,5.0,24,,,,"Chrislann, the Cross-Culture Guru I like to exchange knowledge and wisdom with people from around the world . I help Japanese learn English online. In my free time, I go for a walk and be a companion…",https://www.tripadvisor.com/Attraction_Review-g298460-d33375680-Reviews-Chrislann-Cebu_City_Cebu_Island_Visayas.html,240
TripAdvisor,Lagum Adventure Philippines - Cebu,Multi-day Tours • Private Tours,4.6,17,,,,"Lagum Adventure is a leading provider of travel experiences in the Philippines, known for creating innovative activities that benefit local communities and society. Dedicated to sustainable tourism…",https://www.tripadvisor.com/Attraction_Review-g298460-d27957721-Reviews-Lagum_Adventure_Philippines_Cebu-Cebu_City_Cebu_Island_Visayas.html,240
TripAdvisor,Rent a car cebu Selfdrive travel and Tours,Taxis & Shuttles • Private Tours,5.0,1,,,,Car rentals company we offer a cheaper rate of car rental Selfdrive only 1valid id requirements and we deliver the car to any location here in cebu we have also with Driver pick up and drop off van…,https://www.tripadvisor.com/Attraction_Review-g298460-d19445592-Reviews-Rent_a_car_cebu_Selfdrive_travel_and_Tours-Cebu_City_Cebu_Island_Visayas.html,240
TripAdvisor,Withlocals,City Tours • Cultural Tours,4.8,13,,,,Private & personalized things to-do in Philippines. From discovering hidden gems to visiting the highlights with a local. Withlocals offers 100% unique experiences in Philippines.,https://www.tripadvisor.com/Attraction_Review-g298460-d12709802-Reviews-Withlocals-Cebu_City_Cebu_Island_Visayas.html,240
TripAdvisor,Dala Sail,"Parasailing & Paragliding • Bar, Club & Pub Tours",,,,,,Dala Sail is the first and only yacht sailing tours in the Philippines catering to a small group of young and adventurous travelers.,https://www.tripadvisor.com/Attraction_Review-g298460-d17432725-Reviews-Dala_Sail-Cebu_City_Cebu_Island_Visayas.html,240
TripAdvisor,4MCebuTravelandTours,Canyoning & Rappelling Tours • Shark Diving,4.7,3,,,,"Where Every Journey Becomes a Memory. At 4M Cebu Travel and Tours, we are passionate locals who know Cebu by heart. With years of experience exploring the island’s top attractions and hidden gems, …",https://www.tripadvisor.com/Attraction_Review-g298460-d33220386-Reviews-4MCebuTravelandTours-Cebu_City_Cebu_Island_Visayas.html,240
TripAdvisor,Suroy Cebu Tour PH,River Rafting & Tubing • Scuba & Snorkelling,,,,,,"At Suroy Cebu Tour PH, we offer exciting and hassle-free tours showcasing the best of Cebu and Bohol! Swim with whale sharks in Oslob, snorkel with sea turtles and the famous Sardine Run in Moalboal…",https://www.tripadvisor.com/Attraction_Review-g298460-d32984634-Reviews-Suroy_Cebu_Tour_PH-Cebu_City_Cebu_Island_Visayas.html,240
TripAdvisor,Philippine Offroad Adventures,"4WD, ATV & Off-Road Tours",,,,,,"If you are looking to go off the beaten path and see the real Philippines that doesn't appear in the tourist guidebooks then you have come to the right place. Use dirtbikes to explore jungles, remote…",https://www.tripadvisor.com/Attraction_Review-g298460-d10035924-Reviews-Philippine_Offroad_Adventures-Cebu_City_Cebu_Island_Visayas.html,240
TripAdvisor,"Cebu Private Transfers & Limo Services: Airport, Cruise Port, Hotel Pickups",Taxis & Shuttles • Private Tours,,,,,,"We offer private transfers and limo services in Cebu for airport, cruise port, and hotel pickups. Our licensed, insured vehicles ensure comfort and reliability. Professional, English-speaking drivers…",https://www.tripadvisor.com/Attraction_Review-g298460-d26869994-Reviews-Cebu_Private_Transfers_Limo_Services_Airport_Cruise_Port_Hotel_Pickups-Cebu_City.html,240
TripAdvisor,Evasion Tropicale Travel and Tours,Canyoning & Rappelling Tours • Scuba & Snorkelling,,,,,,"Evasion Tropicale offers customized tours and packages for groups of any size as well as for individuals wherever they are from, with or without a tour guide. We design 3 weeks holidays within the…",https://www.tripadvisor.com/Attraction_Review-g298460-d15287345-Reviews-Evasion_Tropicale_Travel_and_Tours-Cebu_City_Cebu_Island_Visayas.html,240
TripAdvisor,Cebu Travelcation Philippines,Multi-day Tours • Private Tours,5.0,3,,,,"Explore CEBU and BOHOL. Get with us and get away. Let us be your travel buddy in exploring the beauty of CEBU. Escape life for a little while. Feed your wanderlust, fuel your soul and book your tour…",https://www.tripadvisor.com/Attraction_Review-g298460-d17219767-Reviews-Cebu_Travelcation_Philippines-Cebu_City_Cebu_Island_Visayas.html,270
TripAdvisor,Aree Travel & Tours,Eco Tours • Sightseeing Tours,5.0,1,,,,,https://www.tripadvisor.com/Attraction_Review-g298460-d16844102-Reviews-Aree_Travel_Tours-Cebu_City_Cebu_Island_Visayas.html,270
TripAdvisor,MCDC Tour Services,Multi-day Tours • Scuba & Snorkelling,,,,,,Our company offer affordable rates.Money Back guarantee Cebu tour provider.Direct Operator Badian Canyoneering Adventure.Our services is beyond your expectations.,https://www.tripadvisor.com/Attraction_Review-g298460-d17604499-Reviews-MCDC_Tour_Services-Cebu_City_Cebu_Island_Visayas.html,270
TripAdvisor,7-H Canyoneering Adventure and Cuisine,City Tours • Canyoning & Rappelling Tours,4.3,3,,,,,https://www.tripadvisor.com/Attraction_Review-g298460-d19445315-Reviews-7_H_Canyoneering_Adventure_and_Cuisine-Cebu_City_Cebu_Island_Visayas.html,270
TripAdvisor,The Infinity Liveaboard,Scuba & Snorkelling,4.0,1,,,,,https://www.tripadvisor.com/Attraction_Review-g298460-d20287574-Reviews-The_Infinity_Liveaboard-Cebu_City_Cebu_Island_Visayas.html,270
TripAdvisor,LetsGoTravel.ph,Canyoning & Rappelling Tours • Scuba & Snorkelling,4.3,3,,,,"We are locals of Cebu and we can't resist but be excited in sharing to you our hometown. The beauty of Cebu, its colorful and amazing past, its captivating spots. We believe in giving our guests a…",https://www.tripadvisor.com/Attraction_Review-g298460-d18719287-Reviews-LetsGoTravel_ph-Cebu_City_Cebu_Island_Visayas.html,270
TripAdvisor,Stanley,"Bar, Club & Pub Tours • Taxis & Shuttles",,,,,,"Night Life fun host in the Queen City! Hi there! I'm Stanley, and I've been living in Cebu for quite some time now. I absolutely love immersing myself in different cultures, meeting new people, and…",https://www.tripadvisor.com/Attraction_Review-g298460-d27463361-Reviews-Stanley-Cebu_City_Cebu_Island_Visayas.html,270
TripAdvisor,Cebu Van For Rental,City Tours • Multi-day Tours,,,,,,"Cebu Van for Rental is your trusted partner for convenient and reliable transportation services in the beautiful province of Cebu, Philippines. With a fleet of well-maintained vans and a team of experienced…",https://www.tripadvisor.com/Attraction_Review-g298460-d28163614-Reviews-Cebu_Van_For_Rental-Cebu_City_Cebu_Island_Visayas.html,270
TripAdvisor,Eunice Sea Ventures,City Tours • Scuba & Snorkelling,5.0,5,,,,,https://www.tripadvisor.com/Attraction_Review-g298460-d33059293-Reviews-Eunice_Sea_Ventures-Cebu_City_Cebu_Island_Visayas.html,270
TripAdvisor,Hankookceb Travel & Tour,Multi-day Tours • Canyoning & Rappelling Tours,,,,,,"For almost 7 years in Tourism Industry, we have delivered excellent customer service in Travel & Tour Services in very affordable costs.",https://www.tripadvisor.com/Attraction_Review-g298460-d18720586-Reviews-Hankookceb_Travel_Tour-Cebu_City_Cebu_Island_Visayas.html,270
TripAdvisor,Maria Luisa Residence,Taxis & Shuttles • Walking Tours,,,,,,"The whole day tour activities allow you to discover the charm of Cebu major Landmarks and churches in addition to the fantastic shopping. For being a pure native here Cebu, Island of Cebu is full …",https://www.tripadvisor.com/Attraction_Review-g298460-d22987008-Reviews-Maria_Luisa_Residence-Cebu_City_Cebu_Island_Visayas.html,270
TripAdvisor,Whale Shark Oslob Tours,City Tours • Multi-day Tours,4.5,2,,,,"We offer the best and most affordable Oslob Whale shark encounter in Cebu, South of the Philippines. We have the best and most able tour guides. We also have the best car and van service for the private…",https://www.tripadvisor.com/Attraction_Review-g298460-d14788548-Reviews-Whale_Shark_Oslob_Tours-Cebu_City_Cebu_Island_Visayas.html,270
TripAdvisor,Cebu Car Rental,Taxis & Shuttles • Private Tours,1.0,3,,,,"Car Rental & Tours in Cebu City and all Cebu Island. Self-Drive car rentals, All-In with driver, City Tours, North Tours, South Tours. Moalboal or Kawasan. Olsob and Simala. We offer online booking…",https://www.tripadvisor.com/Attraction_Review-g298460-d19891945-Reviews-Cebu_Car_Rental-Cebu_City_Cebu_Island_Visayas.html,270
TripAdvisor,CebuScooter,Bike Tours • Self-Guided Tours & Rentals,,,,,,Cebuscooter.com offers unrivaled service and unique experiences through modern scooter rentals delivered to your doorstep.,https://www.tripadvisor.com/Attraction_Review-g298460-d17328253-Reviews-CebuScooter-Cebu_City_Cebu_Island_Visayas.html,270
TripAdvisor,CebuVan,Multi-day Tours • Canyoning & Rappelling Tours,5.0,1,,,,"Cebuvan offers reliable, low-cost car rental with driver in Cebu Philippines. Book online. Save time and money.",https://www.tripadvisor.com/Attraction_Review-g298460-d17328251-Reviews-CebuVan-Cebu_City_Cebu_Island_Visayas.html,270
TripAdvisor,Mark Emmanuel Ybanez,Multi-day Tours • Walking Tours,,,,,,"Feel more safe and secure with a travel buddy here in Cebu City I call myself a traveler; I have been travelling all around the world since 2015. I know how difficult it is, especially for solo travelers…",https://www.tripadvisor.com/Attraction_Review-g298460-d17584934-Reviews-Mark_Emmanuel_Ybanez-Cebu_City_Cebu_Island_Visayas.html,270
TripAdvisor,View Cebu Rent A Car,Taxis & Shuttles • Private Tours,,,,,,"Legit & Highly Recommended Tourist Tranport In Cebu Very Affordable Van Rental Service! Fully Vaccinated, Professional And Very Accommodating Drivers Well Maintained And Sanitized Units ✅ Services…",https://www.tripadvisor.com/Attraction_Review-g298460-d25129435-Reviews-View_Cebu_Rent_A_Car-Cebu_City_Cebu_Island_Visayas.html,270
TripAdvisor,D&M Travel &  Tours Services,Parasailing & Paragliding • Canyoning & Rappelling Tours,,,,,,"D&M Travel & Tours Services is a DOT-accredited travel agency based in Cebu, Philippines, offering private tours, transportation, and curated travel experiences. We specialize in group and private…",https://www.tripadvisor.com/Attraction_Review-g298460-d34086613-Reviews-D_M_Travel_Tours_Services-Cebu_City_Cebu_Island_Visayas.html,270
TripAdvisor,Cebu Adventures,Multi-day Tours • Private Tours,5.0,1,,,,"Cebu Adventures is a Cebu-based tour operator that creates and leads unforgettable guided experiences across Cebu Island and its neighboring gems—Bohol, Siquijor, Negros, and more. We’re not just …",https://www.tripadvisor.com/Attraction_Review-g298460-d33082752-Reviews-Cebu_Adventures-Cebu_City_Cebu_Island_Visayas.html,270
TripAdvisor,247  Cebu Travel Tours,Scuba & Snorkelling • Taxis & Shuttles,5.0,3,,,,"247 Cebu Travel and Tours intends to provide travel and adventure packages to tourists primarily in the Southern Cebu region, but also the whole of Philippines. Where you can expereience an Adventure…",https://www.tripadvisor.com/Attraction_Review-g298460-d24022769-Reviews-247_Cebu_Travel_Tours-Cebu_City_Cebu_Island_Visayas.html,270
TripAdvisor,Kawayan Resort Tours,City Tours • Multi-day Tours,,,,,,"Tours with accommodation, meals including hiking Mountains and waterfalls, mountain biking, beach tours, island hopping",https://www.tripadvisor.com/Attraction_Review-g298460-d27969220-Reviews-Kawayan_Resort_Tours-Cebu_City_Cebu_Island_Visayas.html,270
TripAdvisor,JGamers Travel Agency,Multi-day Tours • Adrenaline & Extreme Tours,,,,,,"We are Travel Agency base on Cebu City we offers Cebu City Tours, Cebu Uphills Tours, Cebu Uphill Tours.",https://www.tripadvisor.com/Attraction_Review-g298460-d27167410-Reviews-JGamers_Travel_Agency-Cebu_City_Cebu_Island_Visayas.html,270
TripAdvisor,Blu Range Cebu Tours by CyHan Travel & Tours,"Canyoning & Rappelling Tours • 4WD, ATV & Off-Road Tours",,,,,,"Blu Range Cebu Tours is a Cebu tour operator & Philippine DMC specializing in customized and private tours. At our company, we provide some of the best value travel and tour packages available. We…",https://www.tripadvisor.com/Attraction_Review-g298460-d33262734-Reviews-Blu_Range_Cebu_Tours_by_CyHan_Travel_Tours-Cebu_City_Cebu_Island_Visayas.html,270
TripAdvisor,MoalBoal Dive Bar Pro training center/墨寶潛吧潛水中心,Scuba & Snorkelling,5.0,1,,,,"1. Old experience and new thinking - from diving activities, professional coaching courses, expertise training, and enjoyable diving tours. 2. PADI Five-Star Coach Development Center - The total number…",https://www.tripadvisor.com/Attraction_Review-g298460-d16828810-Reviews-MoalBoal_Dive_Bar_Pro_training_center-Cebu_City_Cebu_Island_Visayas.html,270
TripAdvisor,cebudaytrips,Parasailing & Paragliding • Multi-day Tours,,,,,,"Hello, I am a local dmc in Cebu, Philippines, and I am a supplier of goods to companies. Detail Day Trip. We have travel agency companies in Cebu and Korea together and have been operating for the…",https://www.tripadvisor.com/Attraction_Review-g298460-d17393067-Reviews-Cebudaytrips-Cebu_City_Cebu_Island_Visayas.html,270
TripAdvisor,Michelle,City Tours • Cultural Tours,,,,,,"Adventure made easy—by locals who love the sea. Born and raised in the heart of Cebu, our team at Mama Vie Cebu Travels is made up of proud locals who know every hidden gem, secret beach, and scenic…",https://www.tripadvisor.com/Attraction_Review-g298460-d33062462-Reviews-Michelle-Cebu_City_Cebu_Island_Visayas.html,270
TripAdvisor,Flash Carwash Cebu - Salinas Drive,"4WD, ATV & Off-Road Tours",,,,,,,https://www.tripadvisor.com/Attraction_Review-g298460-d32824023-Reviews-Flash_Carwash_Cebu_Salinas_Drive-Cebu_City_Cebu_Island_Visayas.html,270
TripAdvisor,DERICKS TRAVEL AND TOURS - CEBU,Multi-day Tours • Private Tours,,,,,,"As one of the leading tour operators in the Visayas, our tours cover the beautiful provinces of Cebu City, Bohol, and, most notably, the provinces of Leyte, Biliran, and Samar. We specialize in offering…",https://www.tripadvisor.com/Attraction_Review-g298460-d28474986-Reviews-DERICKS_TRAVEL_AND_TOURS_CEBU-Cebu_City_Cebu_Island_Visayas.html,270
TripAdvisor,eightnet travel and tours,"City Tours • 4WD, ATV & Off-Road Tours",,,,,,"Eightnet Travel and tours specializes in solo traveler, couple tour, diversed group and family travel. We take into consideration the need of each and the entire family to have the best possible experience…",https://www.tripadvisor.com/Attraction_Review-g298460-d17785705-Reviews-Eightnet_travel_and_tours-Cebu_City_Cebu_Island_Visayas.html,270
TripAdvisor,Brad Tours,Private Tours,,,,,,,https://www.tripadvisor.com/Attraction_Review-g298460-d32848819-Reviews-Brad_Tours-Cebu_City_Cebu_Island_Visayas.html,300
TripAdvisor,Island TravelXP Tours,Multi-day Tours • Private Tours,,,,,,Island TravelXP Tours is committed to provide the best assistance to clients in delivering quality touring services. Island TravelXP Tours is a tour operator based in Cebu City and is accredited by…,https://www.tripadvisor.com/Attraction_Review-g298460-d17295131-Reviews-Island_TravelXP_Tours-Cebu_City_Cebu_Island_Visayas.html,300
TripAdvisor,Motorent Cebu Scooter Bikes and Car Rental,Gear Rentals • Self-Guided Tours & Rentals,,,,,,"We rent high quality scooters, cars and motorcycles in Cebu City and around. Just get in touch for further information. ️",https://www.tripadvisor.com/Attraction_Review-g298460-d34316654-Reviews-Motorent_Cebu_Scooter_Bikes_and_Car_Rental-Cebu_City_Cebu_Island_Visayas.html,300
TripAdvisor,Fly and Explore Travel and Tours,Multi-day Tours • Canyoning & Rappelling Tours,,,,,,"Fly and Explore Travel and Tour is a Cebu based company which caters all to all sorts of Travelers - from leisure explorers, adventure seekers and budget travelers.",https://www.tripadvisor.com/Attraction_Review-g298460-d15353980-Reviews-Fly_and_Explore_Travel_and_Tours-Cebu_City_Cebu_Island_Visayas.html,300
TripAdvisor,RaYo Travel Cebu Adventure,City Tours • Eco Tours,5.0,1,,,,Cebu City Tour Canyoneering in Kawasan Falls Waterfall Adventure in Aguinid & Tumalog Island hopping tour consist of Sardine Run and Turtle Point Oslob tour Booking hotels and ferries Advise or give…,https://www.tripadvisor.com/Attraction_Review-g298460-d15676545-Reviews-RaYo_Travel_Cebu_Adventure-Cebu_City_Cebu_Island_Visayas.html,300
TripAdvisor,Cebu Island Tours,City Tours • Multi-day Tours,,,,,,,https://www.tripadvisor.com/Attraction_Review-g298460-d33374634-Reviews-Cebu_Island_Tours-Cebu_City_Cebu_Island_Visayas.html,300
TripAdvisor,Cebu Travels and Oslob Tours,City Tours • Cultural Tours,,,,,,,https://www.tripadvisor.com/Attraction_Review-g298460-d34284365-Reviews-Cebu_Travels_and_Oslob_Tours-Cebu_City_Cebu_Island_Visayas.html,300
TripAdvisor,Chris,Scuba & Snorkelling,,,,,,"Travel with Chris A modern-day Renaissance man whose life is a vibrant tapestry of diverse passions and pursuits. A true ""jack of all trades,"" Christian thrives on a dynamic lifestyle that keeps him…",https://www.tripadvisor.com/Attraction_Review-g298460-d33738611-Reviews-Chris-Cebu_City_Cebu_Island_Visayas.html,300
TripAdvisor,CHC Tour Services,Taxis & Shuttles • Day Trips,,,,,,"CHC TOUR SERVICES opened last April 1, 2016. We are a travel and tour company. Our humble beginnings started with referrals from ESL schools, doing it as our side income. We arrange and prepare the…",https://www.tripadvisor.com/Attraction_Review-g298460-d19685064-Reviews-CHC_Tour_Services-Cebu_City_Cebu_Island_Visayas.html,300
TripAdvisor,Cebu Tour and Trip,Canyoning & Rappelling Tours • Scuba & Snorkelling,,,,,,"“People don’t take trips, trips take people.” – “When overseas you learn more about your own country, than you do the place you’re visiting.” – “To my mind, the greatest reward and luxury of travel…",https://www.tripadvisor.com/Attraction_Review-g298460-d12205515-Reviews-Cebu_Tour_and_Trip-Cebu_City_Cebu_Island_Visayas.html,300
TripAdvisor,Affordabe Cebu Tours,Canyoning & Rappelling Tours • Scuba & Snorkelling,,,,,,,https://www.tripadvisor.com/Attraction_Review-g298460-d15614383-Reviews-Affordabe_Cebu_Tours-Cebu_City_Cebu_Island_Visayas.html,300
TripAdvisor,Emerald Green Diving Center Mactan,Scuba & Snorkelling • Dolphin & Whale Watching,,,,,,"We offer snorkeling, diving, island shopping and other marine activities in the main areas of Cebu and Bohol in the Philippines. Diving is safe and secure with experienced instructors on hand!",https://www.tripadvisor.com/Attraction_Review-g298460-d34249668-Reviews-Emerald_Green_Diving_Center_Mactan-Cebu_City_Cebu_Island_Visayas.html,300
TripAdvisor,Smile Travel Tours And Events Services,City Tours • Day Trips,,,,,,,https://www.tripadvisor.com/Attraction_Review-g298460-d33001321-Reviews-Smile_Travel_Tours_And_Events_Services-Cebu_City_Cebu_Island_Visayas.html,300
TripAdvisor,VsnapU,Photography Tours,,,,,,"VsnapU is a platform which connect photographers to the customers, We offer photography services as an activity to the traveler for there holiday, honey Moon, solo trips , group departures, etc. We…",https://www.tripadvisor.com/Attraction_Review-g298460-d20074574-Reviews-VsnapU-Cebu_City_Cebu_Island_Visayas.html,300
TripAdvisor,Jes,Taxis & Shuttles • Private Tours,,,,,,"Reliable Cebu Tours with Local Touch Hi, I'm Jes, a local driver and tour operator based in Cebu, Philippines. I provide safe, comfortable, and well organized private tours around Cebu and nearby …",https://www.tripadvisor.com/Attraction_Review-g298460-d34094434-Reviews-Jes-Cebu_City_Cebu_Island_Visayas.html,300
TripAdvisor,Cebu City Heritage Tours by Explore Cebu,Parasailing & Paragliding • Canyoning & Rappelling Tours,,,,,,"Explore Cebu Tours & Travel offers unforgettable experiences in Cebu. Enjoy City tours, adventure activities like canyoneering, island hopping, snorkeling. Our private tours let u explore at your …",https://www.tripadvisor.com/Attraction_Review-g298460-d34238047-Reviews-Cebu_City_Heritage_Tours_by_Explore_Cebu-Cebu_City_Cebu_Island_Visayas.html,300
TripAdvisor,Laagan Travel and Tours,City Tours • Canyoning & Rappelling Tours,,,,,,,https://www.tripadvisor.com/Attraction_Review-g298460-d34092361-Reviews-Laagan_Travel_and_Tours-Cebu_City_Cebu_Island_Visayas.html,300
TripAdvisor,Full-Day Madventure in Cebu,Adrenaline & Extreme Tours • Day Trips,,,,,,"Experience the best of Cebu City, starting with our Mad5! While every experience we create at Mad Monkey is thoughtfully designed, we have identified FIVE amazing and authentic experiences in each…",https://www.tripadvisor.com/Attraction_Review-g298460-d25293340-Reviews-Full_Day_Madventure_in_Cebu-Cebu_City_Cebu_Island_Visayas.html,300
TripAdvisor,Kagana Tours,City Tours • Gear Rentals,,,,,,,https://www.tripadvisor.com/Attraction_Review-g298460-d34307884-Reviews-Kagana_Tours-Cebu_City_Cebu_Island_Visayas.html,300
TripAdvisor,Shishaholics,Speciality & Gift Shops • Coffee & Tea Tours,,,,,,,https://www.tripadvisor.com/Attraction_Review-g298460-d34330155-Reviews-Shishaholics-Cebu_City_Cebu_Island_Visayas.html,300
